,Time,Mean Free Energy
0,1,-0.10514046069267546
1,2,-0.1051684325311686
2,3,-0.10519607791536437
3,4,-0.10522340162367086
4,5,-0.10525040835193984
5,6,-0.10527710271513058
6,7,-0.10530348924893476
7,8,-0.10532957241136305
8,9,-0.10535535658429473
9,10,-0.105380846074991
10,11,-0.10540604511757329
11,12,-0.10543095787446746
12,13,-0.10545558843781473
13,14,-0.10547994083084998
14,15,-0.10550401900924904
15,16,-0.10552782686244486
16,17,-0.10555136821491422
17,18,-0.10557464682743503
18,19,-0.10559766639831564
19,20,-0.10562043056459643
20,21,-0.10564294290322461
21,22,-0.10566520693220291
22,23,-0.10568722611171275
23,24,-0.10570900384521265
24,25,-0.1057305434805125
25,26,-0.10575184831082424
26,27,-0.10577292157578956
27,28,-0.10579376646248531
28,29,-0.10581438610640703
29,30,-0.10583478359243129
30,31,-0.10585496195575732
31,32,-0.10587492418282828
32,33,-0.105894673212233
33,34,-0.10591421193558863
34,35,-0.10593354319840402
35,36,-0.10595266980092545
36,37,-0.1059715944989641
37,38,-0.1059903200047064
38,39,-0.10600884898750712
39,40,-0.10602718407466619
40,41,-0.10604532785218909
41,42,-0.10606328286553182
42,43,-0.10608105162032994
43,44,-0.10609863658311308
44,45,-0.10611604018200457
45,46,-0.10613326480740667
46,47,-0.10615031281267197
47,48,-0.106167186514761
48,49,-0.1061838881948866
49,50,-0.10620042009914518
50,51,-0.10621678443913529
51,52,-0.10623298339256376
52,53,-0.10624901910383974
53,54,-0.10626489368465668
54,55,-0.10628060921456303
55,56,-0.10629616774152137
56,57,-0.10631157128245645
57,58,-0.10632682182379272
58,59,-0.10634192132198077
59,60,-0.10635687170401399
60,61,-0.10637167486793475
61,62,-0.10638633268333078
62,63,-0.10640084699182194
63,64,-0.10641521960753751
64,65,-0.1064294523175844
65,66,-0.10644354688250592
66,67,-0.10645750503673225
67,68,-0.10647132848902179
68,69,-0.10648501892289444
69,70,-0.10649857799705631
70,71,-0.10651200734581658
71,72,-0.10652530857949628
72,73,-0.10653848328482939
73,74,-0.10655153302535643
74,75,-0.10656445934181054
75,76,-0.10657726375249622
76,77,-0.10658994775366135
77,78,-0.10660251281986173
78,79,-0.10661496040431921
79,80,-0.10662729193927309
80,81,-0.10663950883632484
81,82,-0.10665161248677661
82,83,-0.10666360426196338
83,84,-0.10667548551357914
84,85,-0.10668725757399679
85,86,-0.10669892175658265
86,87,-0.10671047935600461
87,88,-0.1067219316485352
88,89,-0.10673327989234892
89,90,-0.10674452532781405
90,91,-0.10675566917777941
91,92,-0.10676671264785582
92,93,-0.10677765692669243
93,94,-0.10678850318624827
94,95,-0.10679925258205862
95,96,-0.10680990625349705
96,97,-0.10682046532403217
97,98,-0.10683093090148049
98,99,-0.1068413040782543
99,100,-0.10685158593160522
100,101,-0.10686177752386364
101,102,-0.10687187990267369
102,103,-0.1068818941012243
103,104,-0.10689182113847594
104,105,-0.10690166201938357
105,106,-0.10691141773511563
106,107,-0.10692108926326917
107,108,-0.10693067756808121
108,109,-0.10694018360063656
109,110,-0.10694960829907181
110,111,-0.10695895258877594
111,112,-0.1069682173825875
112,113,-0.10697740358098809
113,114,-0.10698651207229296
114,115,-0.10699554373283786
115,116,-0.10700449942716311
116,117,-0.10701338000819417
117,118,-0.10702218631741932
118,119,-0.1070309191850642
119,120,-0.10703957943026356
120,121,-0.10704816786122978
121,122,-0.10705668527541891
122,123,-0.10706513245969343
123,124,-0.10707351019048283
124,125,-0.10708181923394094
125,126,-0.10709006034610104
126,127,-0.1070982342730279
127,128,-0.10710634175096784
128,129,-0.1071143835064958
129,130,-0.10712236025666014
130,131,-0.10713027270912512
131,132,-0.10713812156231074
132,133,-0.10714590750553052
133,134,-0.10715363121912685
134,135,-0.10716129337460416
135,136,-0.10716889463475981
136,137,-0.10717643565381299
137,138,-0.10718391707753121
138,139,-0.10719133954335505
139,140,-0.10719870368052056
140,141,-0.10720601011017981
141,142,-0.10721325944551958
142,143,-0.10722045229187777
143,144,-0.10722758924685824
144,145,-0.1072346709004436
145,146,-0.10724169783510629
146,147,-0.10724867062591775
147,148,-0.10725558984065585
148,149,-0.10726245603991065
149,150,-0.10726926977718836
150,151,-0.10727603159901364
151,152,-0.10728274204503038
152,153,-0.10728940164810073
153,154,-0.10729601093440244
154,155,-0.107302570423525
155,156,-0.10730908062856383
156,157,-0.10731554205621335
157,158,-0.10732195520685814
158,159,-0.10732832057466313
159,160,-0.1073346386476619
160,161,-0.10734090990784408
161,162,-0.1073471348312407
162,163,-0.1073533138880089
163,164,-0.1073594475425149
164,165,-0.10736553625341566
165,166,-0.10737158047373939
166,167,-0.10737758065096477
167,168,-0.10738353722709887
168,169,-0.10738945063875392
169,170,-0.10739532131722285
170,171,-0.10740114968855362
171,172,-0.10740693617362237
172,173,-0.10741268118820564
173,174,-0.1074183851430512
174,175,-0.10742404844394789
175,176,-0.1074296714917944
176,177,-0.10743525468266703
177,178,-0.10744079840788628
178,179,-0.1074463030540825
179,180,-0.10745176900326055
180,181,-0.10745719663286332
181,182,-0.10746258631583455
182,183,-0.10746793842068032
183,184,-0.10747325331153001
184,185,-0.107478531348196
185,186,-0.1074837728862326
186,187,-0.10748897827699404
187,188,-0.10749414786769171
188,189,-0.10749928200145031
189,190,-0.10750438101736332
190,191,-0.10750944525054756
191,192,-0.10751447503219695
192,193,-0.1075194706896355
193,194,-0.10752443254636933
194,195,-0.10752936092213813
195,196,-0.10753425613296577
196,197,-0.10753911849121005
197,198,-0.10754394830561181
198,199,-0.10754874588134335
199,200,-0.10755351152005592
200,201,-0.10755824551992682
201,202,-0.10756294817570543
202,203,-0.10756761977875892
203,204,-0.10757226061711694
204,205,-0.10757687097551605
205,206,-0.10758145113544292
206,207,-0.10758600137517756
207,208,-0.10759052196983537
208,209,-0.10759501319140895
209,210,-0.10759947530880891
210,211,-0.10760390858790454
211,212,-0.10760831329156345
212,213,-0.10761268967969093
213,214,-0.10761703800926857
214,215,-0.1076213585343924
215,216,-0.10762565150631048
216,217,-0.10762991717345984
217,218,-0.10763415578150293
218,219,-0.10763836757336369
219,220,-0.10764255278926285
220,221,-0.1076467116667529
221,222,-0.10765084444075239
222,223,-0.10765495134358005
223,224,-0.10765903260498799
224,225,-0.10766308845219472
225,226,-0.1076671191099176
226,227,-0.10767112480040492
227,228,-0.10767510574346725
228,229,-0.10767906215650878
229,230,-0.10768299425455771
230,231,-0.10768690225029662
231,232,-0.10769078635409214
232,233,-0.10769464677402443
233,234,-0.10769848371591598
234,235,-0.10770229738336022
235,236,-0.10770608797774955
236,237,-0.10770985569830319
237,238,-0.10771360074209438
238,239,-0.10771732330407738
239,240,-0.10772102357711404
240,241,-0.10772470175199998
241,242,-0.10772835801749042
242,243,-0.10773199256032558
243,244,-0.1077356055652559
244,245,-0.10773919721506661
245,246,-0.10774276769060237
246,247,-0.1077463171707911
247,248,-0.10774984583266789
248,249,-0.10775335385139828
249,250,-0.10775684140030141
250,251,-0.10776030865087269
251,252,-0.10776375577280628
252,253,-0.10776718293401732
253,254,-0.10777059030066355
254,255,-0.10777397803716698
255,256,-0.10777734630623506
256,257,-0.10778069526888158
257,258,-0.1077840250844474
258,259,-0.10778733591062077
259,260,-0.10779062790345738
260,261,-0.10779390121740012
261,262,-0.10779715600529881
262,263,-0.10780039241842923
263,264,-0.10780361060651235
264,265,-0.10780681071773286
265,266,-0.10780999289875778
266,267,-0.10781315729475476
267,268,-0.10781630404940998
268,269,-0.10781943330494585
269,270,-0.10782254520213869
270,271,-0.10782563988033589
271,272,-0.10782871747747293
272,273,-0.10783177813009025
273,274,-0.10783482197334983
274,275,-0.10783784914105156
275,276,-0.10784085976564933
276,277,-0.10784385397826703
277,278,-0.10784683190871419
278,279,-0.10784979368550154
279,280,-0.10785273943585637
280,281,-0.10785566928573742
281,282,-0.10785858335984999
282,283,-0.1078614817816605
283,284,-0.10786436467341111
284,285,-0.10786723215613388
285,286,-0.10787008434966501
286,287,-0.10787292137265876
287,288,-0.10787574334260114
288,289,-0.10787855037582351
289,290,-0.10788134258751597
290,291,-0.10788412009174067
291,292,-0.10788688300144465
292,293,-0.10788963142847283
293,294,-0.1078923654835808
294,295,-0.10789508527644716
295,296,-0.10789779091568608
296,297,-0.10790048250885934
297,298,-0.10790316016248855
298,299,-0.10790582398206693
299,300,-0.10790847407207105
300,301,-0.10791111053597256
301,302,-0.10791373347624944
302,303,-0.10791634299439742
303,304,-0.10791893919094112
304,305,-0.10792152216544494
305,306,-0.10792409201652409
306,307,-0.10792664884185517
307,308,-0.10792919273818687
308,309,-0.10793172380135028
309,310,-0.10793424212626943
310,311,-0.10793674780697113
311,312,-0.10793924093659539
312,313,-0.10794172160740516
313,314,-0.10794418991079606
314,315,-0.10794664593730624
315,316,-0.10794908977662579
316,317,-0.10795152151760622
317,318,-0.1079539412482698
318,319,-0.10795634905581873
319,320,-0.1079587450266442
320,321,-0.10796112924633533
321,322,-0.10796350179968812
322,323,-0.1079658627707141
323,324,-0.10796821224264899
324,325,-0.10797055029796127
325,326,-0.10797287701836049
326,327,-0.10797519248480562
327,328,-0.10797749677751335
328,329,-0.10797978997596608
329,330,-0.10798207215891993
330,331,-0.10798434340441279
331,332,-0.10798660378977186
332,333,-0.10798885339162162
333,334,-0.1079910922858913
334,335,-0.10799332054782244
335,336,-0.10799553825197633
336,337,-0.10799774547224134
337,338,-0.10799994228184007
338,339,-0.10800212875333669
339,340,-0.1080043049586438
340,341,-0.1080064709690297
341,342,-0.10800862685512488
342,343,-0.10801077268692927
343,344,-0.10801290853381856
344,345,-0.10801503446455124
345,346,-0.10801715054727479
346,347,-0.10801925684953247
347,348,-0.10802135343826952
348,349,-0.10802344037983962
349,350,-0.10802551774001108
350,351,-0.10802758558397305
351,352,-0.10802964397634157
352,353,-0.10803169298116568
353,354,-0.10803373266193325
354,355,-0.10803576308157706
355,356,-0.10803778430248037
356,357,-0.10803979638648288
357,358,-0.10804179939488635
358,359,-0.10804379338846004
359,360,-0.10804577842744652
360,361,-0.10804775457156697
361,362,-0.10804972188002664
362,363,-0.10805168041152012
363,364,-0.10805363022423681
364,365,-0.10805557137586591
365,366,-0.10805750392360176
366,367,-0.10805942792414883
367,368,-0.10806134343372675
368,369,-0.1080632505080754
369,370,-0.10806514920245977
370,371,-0.10806703957167466
371,372,-0.10806892167004974
372,373,-0.10807079555145421
373,374,-0.1080726612693014
374,375,-0.10807451887655348
375,376,-0.10807636842572602
376,377,-0.10807820996889259
377,378,-0.10808004355768915
378,379,-0.10808186924331845
379,380,-0.1080836870765545
380,381,-0.1080854971077469
381,382,-0.10808729938682496
382,383,-0.10808909396330205
383,384,-0.10809088088627977
384,385,-0.10809266020445205
385,386,-0.10809443196610917
386,387,-0.10809619621914189
387,388,-0.10809795301104545
388,389,-0.10809970238892332
389,390,-0.10810144439949129
390,391,-0.1081031790890813
391,392,-0.10810490650364508
392,393,-0.10810662668875819
393,394,-0.10810833968962343
394,395,-0.10811004555107473
395,396,-0.10811174431758072
396,397,-0.10811343603324833
397,398,-0.10811512074182629
398,399,-0.10811679848670874
399,400,-0.1081184693109386
400,401,-0.10812013325721113
401,402,-0.10812179036787718
402,403,-0.10812344068494663
403,404,-0.10812508425009168
404,405,-0.10812672110465021
405,406,-0.10812835128962889
406,407,-0.10812997484570647
407,408,-0.10813159181323699
408,409,-0.10813320223225283
409,410,-0.10813480614246783
410,411,-0.10813640358328042
411,412,-0.10813799459377658
412,413,-0.10813957921273289
413,414,-0.10814115747861949
414,415,-0.10814272942960297
415,416,-0.1081442951035493
416,417,-0.10814585453802675
417,418,-0.10814740777030861
418,419,-0.10814895483737616
419,420,-0.10815049577592126
420,421,-0.10815203062234918
421,422,-0.10815355941278142
422,423,-0.10815508218305822
423,424,-0.10815659896874126
424,425,-0.10815810980511642
425,426,-0.10815961472719621
426,427,-0.10816111376972237
427,428,-0.10816260696716853
428,429,-0.1081640943537426
429,430,-0.10816557596338926
430,431,-0.10816705182979254
431,432,-0.1081685219863781
432,433,-0.1081699864663157
433,434,-0.1081714453025217
434,435,-0.10817289852766114
435,436,-0.10817434617415035
436,437,-0.10817578827415913
437,438,-0.108177224859613
438,439,-0.10817865596219546
439,440,-0.10818008161335038
440,441,-0.1081815018442839
441,442,-0.10818291668596701
442,443,-0.10818432616913731
443,444,-0.10818573032430147
444,445,-0.10818712918173708
445,446,-0.10818852277149502
446,447,-0.10818991112340128
447,448,-0.1081912942670591
448,449,-0.10819267223185111
449,450,-0.10819404504694115
450,451,-0.10819541274127635
451,452,-0.10819677534358907
452,453,-0.10819813288239893
453,454,-0.10819948538601454
454,455,-0.10820083288253561
455,456,-0.10820217539985472
456,457,-0.10820351296565914
457,458,-0.10820484560743279
458,459,-0.10820617335245807
459,460,-0.10820749622781747
460,461,-0.10820881426039557
461,462,-0.10821012747688073
462,463,-0.10821143590376678
463,464,-0.10821273956735486
464,465,-0.10821403849375508
465,466,-0.10821533270888817
466,467,-0.10821662223848726
467,468,-0.10821790710809943
468,469,-0.10821918734308743
469,470,-0.10822046296863129
470,471,-0.10822173400972993
471,472,-0.10822300049120268
472,473,-0.10822426243769098
473,474,-0.10822551987365991
474,475,-0.10822677282339967
475,476,-0.1082280213110271
476,477,-0.10822926536048735
477,478,-0.10823050499555516
478,479,-0.10823174023983652
479,480,-0.10823297111677002
480,481,-0.10823419764962841
481,482,-0.10823541986151995
482,483,-0.10823663777538986
483,484,-0.1082378514140217
484,485,-0.10823906080003888
485,486,-0.10824026595590586
486,487,-0.10824146690392972
487,488,-0.10824266366626137
488,489,-0.10824385626489684
489,490,-0.10824504472167883
490,491,-0.10824622905829785
491,492,-0.10824740929629349
492,493,-0.1082485854570559
493,494,-0.10824975756182678
494,495,-0.10825092563170097
495,496,-0.10825208968762741
496,497,-0.10825324975041055
497,498,-0.10825440584071153
498,499,-0.10825555797904936
499,500,-0.10825670618580212
500,501,-0.10825785048120827
501,502,-0.10825899088536757
502,503,-0.10826012741824263
503,504,-0.1082612600996596
504,505,-0.10826238894930973
505,506,-0.10826351398675024
506,507,-0.1082646352314055
507,508,-0.10826575270256826
508,509,-0.1082668664194005
509,510,-0.10826797640093487
510,511,-0.10826908266607536
511,512,-0.1082701852335987
512,513,-0.10827128412215527
513,514,-0.1082723793502701
514,515,-0.10827347093634403
515,516,-0.10827455889865469
516,517,-0.10827564325535743
517,518,-0.10827672402448643
518,519,-0.10827780122395568
519,520,-0.10827887487155997
520,521,-0.10827994498497578
521,522,-0.10828101158176234
522,523,-0.10828207467936261
523,524,-0.10828313429510411
524,525,-0.1082841904462
525,526,-0.10828524314974988
526,527,-0.10828629242274088
527,528,-0.10828733828204831
528,529,-0.10828838074443688
529,530,-0.10828941982656137
530,531,-0.1082904555449676
531,532,-0.10829148791609332
532,533,-0.10829251695626897
533,534,-0.10829354268171879
534,535,-0.10829456510856136
535,536,-0.10829558425281077
536,537,-0.1082966001303771
537,538,-0.10829761275706762
538,539,-0.1082986221485873
539,540,-0.10829962832053994
540,541,-0.10830063128842853
541,542,-0.1083016310676566
542,543,-0.10830262767352856
543,544,-0.10830362112125072
544,545,-0.108304611425932
545,546,-0.10830559860258471
546,547,-0.10830658266612526
547,548,-0.10830756363137509
548,549,-0.10830854151306116
549,550,-0.10830951632581691
550,551,-0.10831048808418288
551,552,-0.10831145680260747
552,553,-0.10831242249544773
553,554,-0.10831338517696992
554,555,-0.10831434486135037
555,556,-0.10831530156267609
556,557,-0.10831625529494554
557,558,-0.10831720607206921
558,559,-0.10831815390787045
559,560,-0.10831909881608599
560,561,-0.10832004081036675
561,562,-0.1083209799042784
562,563,-0.10832191611130211
563,564,-0.10832284944483511
564,565,-0.10832377991819139
565,566,-0.10832470754460234
566,567,-0.1083256323372174
567,568,-0.10832655430910461
568,569,-0.10832747347325132
569,570,-0.10832838984256482
570,571,-0.10832930342987283
571,572,-0.10833021424792423
572,573,-0.10833112230938964
573,574,-0.10833202762686193
574,575,-0.10833293021285695
575,576,-0.10833383007981397
576,577,-0.1083347272400964
577,578,-0.10833562170599223
578,579,-0.10833651348971474
579,580,-0.10833740260340287
580,581,-0.10833828905912203
581,582,-0.10833917286886445
582,583,-0.10834005404454983
583,584,-0.10834093259802585
584,585,-0.10834180854106869
585,586,-0.10834268188538367
586,587,-0.10834355264260566
587,588,-0.10834442082429964
588,589,-0.10834528644196126
589,590,-0.10834614950701725
590,591,-0.10834701003082614
591,592,-0.10834786802467854
592,593,-0.10834872349979781
593,594,-0.10834957646734042
594,595,-0.10835042693839655
595,596,-0.10835127492399056
596,597,-0.10835212043508145
597,598,-0.10835296348256336
598,599,-0.108353804077266
599,600,-0.1083546422299552
600,601,-0.10835547795133336
601,602,-0.10835631125203986
602,603,-0.10835714214265153
603,604,-0.10835797063368324
604,605,-0.10835879673558818
605,606,-0.10835962045875835
606,607,-0.10836044181352507
607,608,-0.10836126081015941
608,609,-0.10836207745887255
609,610,-0.10836289176981631
610,611,-0.10836370375308349
611,612,-0.10836451341870841
612,613,-0.1083653207766672
613,614,-0.10836612583687834
614,615,-0.10836692860920294
615,616,-0.1083677291034453
616,617,-0.10836852732935331
617,618,-0.10836932329661865
618,619,-0.10837011701487745
619,620,-0.1083709084937105
620,621,-0.1083716977426438
621,622,-0.10837248477114886
622,623,-0.10837326958864305
623,624,-0.10837405220449005
624,625,-0.10837483262800024
625,626,-0.10837561086843107
626,627,-0.10837638693498741
627,628,-0.10837716083682192
628,629,-0.10837793258303545
629,630,-0.10837870218267735
630,631,-0.10837946964474594
631,632,-0.10838023497818881
632,633,-0.10838099819190307
633,634,-0.10838175929473587
634,635,-0.10838251829548468
635,636,-0.10838327520289766
636,637,-0.10838403002567396
637,638,-0.1083847827724641
638,639,-0.10838553345187028
639,640,-0.10838628207244683
640,641,-0.10838702864270028
641,642,-0.10838777317109004
642,643,-0.10838851566602843
643,644,-0.10838925613588117
644,645,-0.10838999458896764
645,646,-0.10839073103356124
646,647,-0.1083914654778897
647,648,-0.10839219793013535
648,649,-0.10839292839843546
649,650,-0.10839365689088261
650,651,-0.10839438341552486
651,652,-0.1083951079803662
652,653,-0.10839583059336676
653,654,-0.10839655126244316
654,655,-0.10839726999546877
655,656,-0.10839798680027402
656,657,-0.10839870168464671
657,658,-0.10839941465633228
658,659,-0.10840012572303412
659,660,-0.10840083489241378
660,661,-0.1084015421720914
661,662,-0.10840224756964581
662,663,-0.108402951092615
663,664,-0.10840365274849618
664,665,-0.1084043525447463
665,666,-0.10840505048878214
666,667,-0.10840574658798062
667,668,-0.10840644084967907
668,669,-0.10840713328117561
669,670,-0.10840782388972917
670,671,-0.10840851268256
671,672,-0.10840919966684974
672,673,-0.10840988484974189
673,674,-0.1084105682383418
674,675,-0.10841124983971716
675,676,-0.10841192966089806
676,677,-0.10841260770887741
677,678,-0.10841328399061108
678,679,-0.10841395851301816
679,680,-0.10841463128298122
680,681,-0.10841530230734657
681,682,-0.10841597159292443
682,683,-0.1084166391464893
683,684,-0.10841730497478001
684,685,-0.10841796908450017
685,686,-0.10841863148231815
686,687,-0.10841929217486754
687,688,-0.1084199511687473
688,689,-0.10842060847052191
689,690,-0.1084212640867217
690,691,-0.10842191802384302
691,692,-0.10842257028834847
692,693,-0.1084232208866671
693,694,-0.10842386982519472
694,695,-0.10842451711029398
695,696,-0.1084251627482947
696,697,-0.10842580674549399
697,698,-0.10842644910815652
698,699,-0.10842708984251474
699,700,-0.10842772895476906
700,701,-0.108428366451088
701,702,-0.10842900233760856
702,703,-0.10842963662043625
703,704,-0.10843026930564538
704,705,-0.10843090039927925
705,706,-0.10843152990735029
706,707,-0.10843215783584037
707,708,-0.10843278419070093
708,709,-0.1084334089778531
709,710,-0.1084340322031881
710,711,-0.10843465387256718
711,712,-0.10843527399182203
712,713,-0.10843589256675475
713,714,-0.1084365096031383
714,715,-0.10843712510671646
715,716,-0.10843773908320409
716,717,-0.10843835153828732
717,718,-0.1084389624776238
718,719,-0.10843957190684272
719,720,-0.10844017983154515
720,721,-0.10844078625730408
721,722,-0.10844139118966477
722,723,-0.10844199463414465
723,724,-0.10844259659623386
724,725,-0.1084431970813951
725,726,-0.10844379609506387
726,727,-0.10844439364264885
727,728,-0.10844498972953182
728,729,-0.10844558436106788
729,730,-0.10844617754258577
730,731,-0.10844676927938786
731,732,-0.10844735957675032
732,733,-0.1084479484399234
733,734,-0.10844853587413149
734,735,-0.10844912188457338
735,736,-0.10844970647642228
736,737,-0.10845028965482606
737,738,-0.10845087142490743
738,739,-0.10845145179176405
739,740,-0.10845203076046867
740,741,-0.10845260833606937
741,742,-0.10845318452358958
742,743,-0.10845375932802834
743,744,-0.10845433275436042
744,745,-0.10845490480753642
745,746,-0.10845547549248297
746,747,-0.10845604481410291
747,748,-0.10845661277727531
748,749,-0.10845717938685573
749,750,-0.10845774464767632
750,751,-0.10845830856454602
751,752,-0.10845887114225054
752,753,-0.1084594323855527
753,754,-0.10845999229919238
754,755,-0.10846055088788689
755,756,-0.10846110815633085
756,757,-0.10846166410919653
757,758,-0.1084622187511338
758,759,-0.10846277208677048
759,760,-0.10846332412071229
760,761,-0.10846387485754305
761,762,-0.10846442430182487
762,763,-0.10846497245809816
763,764,-0.10846551933088185
764,765,-0.10846606492467346
765,766,-0.10846660924394932
766,767,-0.10846715229316457
767,768,-0.10846769407675338
768,769,-0.10846823459912902
769,770,-0.10846877386468405
770,771,-0.10846931187779035
771,772,-0.1084698486427993
772,773,-0.10847038416404196
773,774,-0.10847091844582904
774,775,-0.10847145149245113
775,776,-0.10847198330817882
776,777,-0.10847251389726277
777,778,-0.10847304326393382
778,779,-0.1084735714124032
779,780,-0.1084740983468625
780,781,-0.1084746240714839
781,782,-0.10847514859042026
782,783,-0.10847567190780519
783,784,-0.10847619402775321
784,785,-0.10847671495435986
785,786,-0.10847723469170176
786,787,-0.10847775324383674
787,788,-0.10847827061480403
788,789,-0.1084787868086242
789,790,-0.10847930182929949
790,791,-0.10847981568081368
791,792,-0.10848032836713237
792,793,-0.10848083989220304
793,794,-0.10848135025995509
794,795,-0.10848185947430006
795,796,-0.10848236753913157
796,797,-0.10848287445832562
797,798,-0.10848338023574054
798,799,-0.10848388487521714
799,800,-0.10848438838057882
800,801,-0.10848489075563171
801,802,-0.1084853920041646
802,803,-0.1084858921299493
803,804,-0.10848639113674054
804,805,-0.10848688902827605
805,806,-0.1084873858082769
806,807,-0.1084878814804472
807,808,-0.10848837604847465
808,809,-0.10848886951603026
809,810,-0.10848936188676864
810,811,-0.10848985316432799
811,812,-0.10849034335233035
812,813,-0.10849083245438146
813,814,-0.10849132047407103
814,815,-0.10849180741497287
815,816,-0.10849229328064473
816,817,-0.10849277807462863
817,818,-0.10849326180045084
818,819,-0.10849374446162204
819,820,-0.1084942260616373
820,821,-0.10849470660397625
821,822,-0.1084951860921032
822,823,-0.10849566452946706
823,824,-0.10849614191950163
824,825,-0.10849661826562554
825,826,-0.10849709357124239
826,827,-0.10849756783974082
827,828,-0.10849804107449468
828,829,-0.10849851327886292
829,830,-0.10849898445618983
830,831,-0.10849945460980508
831,832,-0.10849992374302378
832,833,-0.10850039185914659
833,834,-0.10850085896145983
834,835,-0.10850132505323545
835,836,-0.10850179013773113
836,837,-0.10850225421819057
837,838,-0.10850271729784322
838,839,-0.10850317937990464
839,840,-0.10850364046757645
840,841,-0.1085041005640464
841,842,-0.10850455967248854
842,843,-0.10850501779606314
843,844,-0.10850547493791692
844,845,-0.10850593110118306
845,846,-0.10850638628898122
846,847,-0.10850684050441778
847,848,-0.10850729375058563
848,849,-0.1085077460305645
849,850,-0.10850819734742094
850,851,-0.10850864770420847
851,852,-0.10850909710396739
852,853,-0.10850954554972521
853,854,-0.10850999304449642
854,855,-0.10851043959128276
855,856,-0.10851088519307318
856,857,-0.10851132985284397
857,858,-0.10851177357355873
858,859,-0.1085122163581686
859,860,-0.10851265820961216
860,861,-0.1085130991308156
861,862,-0.10851353912469272
862,863,-0.1085139781941451
863,864,-0.10851441634206208
864,865,-0.10851485357132078
865,866,-0.10851528988478629
866,867,-0.10851572528531164
867,868,-0.10851615977573795
868,869,-0.10851659335889433
869,870,-0.10851702603759818
870,871,-0.10851745781465502
871,872,-0.10851788869285872
872,873,-0.1085183186749915
873,874,-0.10851874776382392
874,875,-0.10851917596211508
875,876,-0.10851960327261259
876,877,-0.10852002969805266
877,878,-0.10852045524116014
878,879,-0.10852087990464857
879,880,-0.10852130369122033
880,881,-0.1085217266035665
881,882,-0.10852214864436724
882,883,-0.10852256981629144
883,884,-0.10852299012199716
884,885,-0.10852340956413145
885,886,-0.10852382814533049
886,887,-0.10852424586821957
887,888,-0.10852466273541334
888,889,-0.10852507874951561
889,890,-0.10852549391311961
890,891,-0.10852590822880794
891,892,-0.10852632169915265
892,893,-0.10852673432671527
893,894,-0.10852714611404693
894,895,-0.10852755706368837
895,896,-0.10852796717816998
896,897,-0.10852837646001184
897,898,-0.10852878491172391
898,899,-0.10852919253580585
899,900,-0.10852959933474726
900,901,-0.10853000531102763
901,902,-0.1085304104671165
902,903,-0.10853081480547339
903,904,-0.1085312183285479
904,905,-0.10853162103877981
905,906,-0.108532022938599
906,907,-0.10853242403042564
907,908,-0.10853282431667022
908,909,-0.10853322379973349
909,910,-0.1085336224820066
910,911,-0.10853402036587113
911,912,-0.10853441745369918
912,913,-0.10853481374785331
913,914,-0.10853520925068671
914,915,-0.10853560396454318
915,916,-0.10853599789175715
916,917,-0.1085363910346538
917,918,-0.10853678339554908
918,919,-0.10853717497674971
919,920,-0.10853756578055333
920,921,-0.10853795580924841
921,922,-0.10853834506511444
922,923,-0.10853873355042179
923,924,-0.10853912126743198
924,925,-0.10853950821839757
925,926,-0.10853989440556226
926,927,-0.1085402798311609
927,928,-0.10854066449741949
928,929,-0.10854104840655546
929,930,-0.10854143156077736
930,931,-0.10854181396228524
931,932,-0.10854219561327039
932,933,-0.1085425765159156
933,934,-0.10854295667239516
934,935,-0.10854333608487486
935,936,-0.10854371475551201
936,937,-0.10854409268645554
937,938,-0.10854446987984605
938,939,-0.10854484633781573
939,940,-0.1085452220624886
940,941,-0.10854559705598038
941,942,-0.10854597132039857
942,943,-0.10854634485784263
943,944,-0.10854671767040375
944,945,-0.10854708976016514
945,946,-0.10854746112920191
946,947,-0.10854783177958124
947,948,-0.10854820171336232
948,949,-0.10854857093259639
949,950,-0.10854893943932682
950,951,-0.10854930723558918
951,952,-0.10854967432341116
952,953,-0.10855004070481272
953,954,-0.10855040638180613
954,955,-0.1085507713563959
955,956,-0.10855113563057889
956,957,-0.10855149920634437
957,958,-0.10855186208567402
958,959,-0.10855222427054195
959,960,-0.10855258576291481
960,961,-0.10855294656475169
961,962,-0.10855330667800438
962,963,-0.10855366610461709
963,964,-0.10855402484652682
964,965,-0.10855438290566317
965,966,-0.10855474028394842
966,967,-0.10855509698329766
967,968,-0.10855545300561867
968,969,-0.10855580835281207
969,970,-0.10855616302677137
970,971,-0.10855651702938295
971,972,-0.10855687036252595
972,973,-0.10855722302807266
973,974,-0.10855757502788824
974,975,-0.10855792636383087
975,976,-0.10855827703775178
976,977,-0.1085586270514953
977,978,-0.1085589764068988
978,979,-0.10855932510579284
979,980,-0.10855967315000122
980,981,-0.10856002054134078
981,982,-0.10856036728162179
982,983,-0.10856071337264764
983,984,-0.10856105881621508
984,985,-0.10856140361411422
985,986,-0.10856174776812848
986,987,-0.1085620912800347
987,988,-0.10856243415160316
988,989,-0.10856277638459758
989,990,-0.10856311798077518
990,991,-0.10856345894188667
991,992,-0.10856379926967634
992,993,-0.10856413896588203
993,994,-0.10856447803223525
994,995,-0.10856481647046105
995,996,-0.10856515428227824
996,997,-0.10856549146939924
997,998,-0.10856582803353028
998,999,-0.10856616397637132
999,1000,-0.10856649929961606
1000,1001,-0.10856683400495208
1001,1002,-0.10856716809406071
1002,1003,-0.10856750156861726
1003,1004,-0.10856783443029087
1004,1005,-0.10856816668074457
1005,1006,-0.1085684983216355
1006,1007,-0.10856882935461458
1007,1008,-0.10856915978132686
1008,1009,-0.10856948960341142
1009,1010,-0.10856981882250141
1010,1011,-0.10857014744022399
1011,1012,-0.1085704754582005
1012,1013,-0.10857080287804648
1013,1014,-0.10857112970137155
1014,1015,-0.10857145592977954
1015,1016,-0.10857178156486855
1016,1017,-0.10857210660823088
1017,1018,-0.10857243106145321
1018,1019,-0.10857275492611636
1019,1020,-0.10857307820379565
1020,1021,-0.10857340089606059
1021,1022,-0.10857372300447521
1022,1023,-0.10857404453059787
1023,1024,-0.1085743654759814
1024,1025,-0.10857468584217304
1025,1026,-0.10857500563071454
1026,1027,-0.1085753248431422
1027,1028,-0.10857564348098674
1028,1029,-0.10857596154577355
1029,1030,-0.10857627903902253
1030,1031,-0.10857659596224821
1031,1032,-0.10857691231695973
1032,1033,-0.10857722810466093
1033,1034,-0.10857754332685027
1034,1035,-0.10857785798502093
1035,1036,-0.10857817208066083
1036,1037,-0.10857848561525263
1037,1038,-0.10857879859027374
1038,1039,-0.10857911100719639
1039,1040,-0.10857942286748765
1040,1041,-0.10857973417260933
1041,1042,-0.10858004492401824
1042,1043,-0.10858035512316597
1043,1044,-0.10858066477149905
1044,1045,-0.10858097387045901
1045,1046,-0.10858128242148218
1046,1047,-0.10858159042600002
1047,1048,-0.10858189788543895
1048,1049,-0.10858220480122034
1049,1050,-0.10858251117476068
1050,1051,-0.10858281700747148
1051,1052,-0.10858312230075935
1052,1053,-0.10858342705602601
1053,1054,-0.10858373127466835
1054,1055,-0.1085840349580783
1055,1056,-0.10858433810764306
1056,1057,-0.10858464072474504
1057,1058,-0.10858494281076175
1058,1059,-0.10858524436706603
1059,1060,-0.10858554539502595
1060,1061,-0.10858584589600487
1061,1062,-0.1085861458713614
1062,1063,-0.10858644532244953
1063,1064,-0.10858674425061851
1064,1065,-0.10858704265721308
1065,1066,-0.10858734054357319
1066,1067,-0.10858763791103433
1067,1068,-0.10858793476092733
1068,1069,-0.10858823109457849
1069,1070,-0.10858852691330953
1070,1071,-0.10858882221843769
1071,1072,-0.1085891170112757
1072,1073,-0.1085894112931318
1073,1074,-0.10858970506530975
1074,1075,-0.1085899983291089
1075,1076,-0.10859029108582414
1076,1077,-0.10859058333674598
1077,1078,-0.10859087508316052
1078,1079,-0.10859116632634948
1079,1080,-0.1085914570675903
1080,1081,-0.108591747308156
1081,1082,-0.10859203704931536
1082,1083,-0.10859232629233279
1083,1084,-0.10859261503846851
1084,1085,-0.10859290328897842
1085,1086,-0.10859319104511417
1086,1087,-0.10859347830812326
1087,1088,-0.10859376507924894
1088,1089,-0.10859405135973023
1089,1090,-0.10859433715080208
1090,1091,-0.10859462245369522
1091,1092,-0.10859490726963629
1092,1093,-0.10859519159984772
1093,1094,-0.108595475445548
1094,1095,-0.10859575880795141
1095,1096,-0.10859604168826822
1096,1097,-0.10859632408770464
1097,1098,-0.10859660600746286
1098,1099,-0.10859688744874102
1099,1100,-0.10859716841273334
1100,1101,-0.10859744890063003
1101,1102,-0.10859772891361727
1102,1103,-0.10859800845287741
1103,1104,-0.10859828751958878
1104,1105,-0.10859856611492585
1105,1106,-0.10859884424005915
1106,1107,-0.1085991218961554
1107,1108,-0.1085993990843774
1108,1109,-0.10859967580588409
1109,1110,-0.10859995206183067
1110,1111,-0.10860022785336841
1111,1112,-0.10860050318164483
1112,1113,-0.10860077804780371
1113,1114,-0.10860105245298503
1114,1115,-0.10860132639832495
1115,1116,-0.10860159988495602
1116,1117,-0.10860187291400696
1117,1118,-0.10860214548660288
1118,1119,-0.10860241760386509
1119,1120,-0.10860268926691133
1120,1121,-0.10860296047685565
1121,1122,-0.10860323123480839
1122,1123,-0.10860350154187635
1123,1124,-0.10860377139916268
1124,1125,-0.10860404080776691
1125,1126,-0.10860430976878502
1126,1127,-0.10860457828330941
1127,1128,-0.10860484635242892
1128,1129,-0.10860511397722884
1129,1130,-0.10860538115879094
1130,1131,-0.1086056478981935
1131,1132,-0.10860591419651128
1132,1133,-0.10860618005481557
1133,1134,-0.10860644547417414
1134,1135,-0.10860671045565141
1135,1136,-0.10860697500030826
1136,1137,-0.1086072391092022
1137,1138,-0.10860750278338731
1138,1139,-0.10860776602391424
1139,1140,-0.10860802883183032
1140,1141,-0.1086082912081795
1141,1142,-0.10860855315400231
1142,1143,-0.10860881467033598
1143,1144,-0.10860907575821441
1144,1145,-0.1086093364186682
1145,1146,-0.10860959665272457
1146,1147,-0.10860985646140757
1147,1148,-0.10861011584573788
1148,1149,-0.10861037480673293
1149,1150,-0.10861063334540692
1150,1151,-0.10861089146277084
1151,1152,-0.10861114915983239
1152,1153,-0.10861140643759613
1153,1154,-0.10861166329706337
1154,1155,-0.10861191973923222
1155,1156,-0.10861217576509766
1156,1157,-0.10861243137565155
1157,1158,-0.10861268657188247
1158,1159,-0.10861294135477602
1159,1160,-0.10861319572531454
1160,1161,-0.10861344968447734
1161,1162,-0.10861370323324065
1162,1163,-0.10861395637257756
1163,1164,-0.10861420910345809
1164,1165,-0.10861446142684926
1165,1166,-0.10861471334371497
1166,1167,-0.10861496485501611
1167,1168,-0.1086152159617106
1168,1169,-0.10861546666475322
1169,1170,-0.10861571696509588
1170,1171,-0.10861596686368744
1171,1172,-0.10861621636147378
1172,1173,-0.10861646545939786
1173,1174,-0.10861671415839964
1174,1175,-0.10861696245941614
1175,1176,-0.1086172103633815
1176,1177,-0.10861745787122686
1177,1178,-0.10861770498388053
1178,1179,-0.1086179517022679
1179,1180,-0.10861819802731144
1180,1181,-0.1086184439599308
1181,1182,-0.10861868950104277
1182,1183,-0.10861893465156122
1183,1184,-0.10861917941239727
1184,1185,-0.10861942378445914
1185,1186,-0.10861966776865227
1186,1187,-0.10861991136587931
1187,1188,-0.10862015457704008
1188,1189,-0.10862039740303162
1189,1190,-0.1086206398447482
1190,1191,-0.10862088190308139
1191,1192,-0.10862112357891988
1192,1193,-0.10862136487314972
1193,1194,-0.10862160578665421
1194,1195,-0.10862184632031395
1195,1196,-0.10862208647500675
1196,1197,-0.10862232625160777
1197,1198,-0.10862256565098956
1198,1199,-0.10862280467402186
1199,1200,-0.1086230433215718
1200,1201,-0.10862328159450388
1201,1202,-0.10862351949367992
1202,1203,-0.1086237570199591
1203,1204,-0.10862399417419802
1204,1205,-0.10862423095725057
1205,1206,-0.10862446736996817
1206,1207,-0.10862470341319952
1207,1208,-0.10862493908779075
1208,1209,-0.10862517439458552
1209,1210,-0.10862540933442479
1210,1211,-0.10862564390814702
1211,1212,-0.10862587811658818
1212,1213,-0.10862611196058158
1213,1214,-0.10862634544095813
1214,1215,-0.10862657855854614
1215,1216,-0.10862681131417139
1216,1217,-0.10862704370865726
1217,1218,-0.10862727574282455
1218,1219,-0.10862750741749164
1219,1220,-0.10862773873347444
1220,1221,-0.10862796969158635
1221,1222,-0.10862820029263832
1222,1223,-0.10862843053743891
1223,1224,-0.10862866042679423
1224,1225,-0.10862888996150791
1225,1226,-0.10862911914238127
1226,1227,-0.10862934797021312
1227,1228,-0.10862957644579997
1228,1229,-0.10862980456993582
1229,1230,-0.10863003234341242
1230,1231,-0.10863025976701908
1231,1232,-0.10863048684154278
1232,1233,-0.10863071356776811
1233,1234,-0.10863093994647734
1234,1235,-0.10863116597845042
1235,1236,-0.10863139166446495
1236,1237,-0.10863161700529622
1237,1238,-0.10863184200171727
1238,1239,-0.1086320666544987
1239,1240,-0.108632290964409
1240,1241,-0.10863251493221424
1241,1242,-0.10863273855867824
1242,1243,-0.10863296184456263
1243,1244,-0.10863318479062668
1244,1245,-0.1086334073976275
1245,1246,-0.10863362966631994
1246,1247,-0.10863385159745656
1247,1248,-0.10863407319178775
1248,1249,-0.10863429445006167
1249,1250,-0.10863451537302433
1250,1251,-0.10863473596141944
1251,1252,-0.10863495621598859
1252,1253,-0.10863517613747115
1253,1254,-0.10863539572660434
1254,1255,-0.1086356149841232
1255,1256,-0.10863583391076068
1256,1257,-0.10863605250724745
1257,1258,-0.10863627077431215
1258,1259,-0.1086364887126812
1259,1260,-0.108636706323079
1260,1261,-0.1086369236062277
1261,1262,-0.10863714056284746
1262,1263,-0.10863735719365628
1263,1264,-0.10863757349937005
1264,1265,-0.1086377894807026
1265,1266,-0.10863800513836568
1266,1267,-0.10863822047306898
1267,1268,-0.10863843548552005
1268,1269,-0.10863865017642452
1269,1270,-0.10863886454648582
1270,1271,-0.1086390785964054
1271,1272,-0.10863929232688277
1272,1273,-0.10863950573861525
1273,1274,-0.10863971883229821
1274,1275,-0.10863993160862508
1275,1276,-0.10864014406828716
1276,1277,-0.10864035621197383
1277,1278,-0.10864056804037248
1278,1279,-0.10864077955416847
1279,1280,-0.1086409907540452
1280,1281,-0.10864120164068412
1281,1282,-0.10864141221476473
1282,1283,-0.10864162247696454
1283,1284,-0.10864183242795913
1284,1285,-0.10864204206842212
1285,1286,-0.10864225139902524
1286,1287,-0.10864246042043824
1287,1288,-0.10864266913332898
1288,1289,-0.10864287753836345
1289,1290,-0.10864308563620562
1290,1291,-0.10864329342751762
1291,1292,-0.10864350091295978
1292,1293,-0.10864370809319039
1293,1294,-0.10864391496886597
1294,1295,-0.10864412154064107
1295,1296,-0.1086443278091685
1296,1297,-0.10864453377509908
1297,1298,-0.10864473943908193
1298,1299,-0.10864494480176418
1299,1300,-0.10864514986379117
1300,1301,-0.10864535462580645
1301,1302,-0.10864555908845168
1302,1303,-0.10864576325236676
1303,1304,-0.10864596711818972
1304,1305,-0.10864617068655687
1305,1306,-0.1086463739581026
1306,1307,-0.10864657693345955
1307,1308,-0.10864677961325869
1308,1309,-0.10864698199812904
1309,1310,-0.10864718408869792
1310,1311,-0.10864738588559092
1311,1312,-0.10864758738943178
1312,1313,-0.10864778860084257
1313,1314,-0.10864798952044352
1314,1315,-0.10864819014885324
1315,1316,-0.1086483904866885
1316,1317,-0.10864859053456434
1317,1318,-0.10864879029309416
1318,1319,-0.10864898976288953
1319,1320,-0.10864918894456041
1320,1321,-0.10864938783871499
1321,1322,-0.10864958644595976
1322,1323,-0.1086497847668996
1323,1324,-0.10864998280213754
1324,1325,-0.1086501805522751
1325,1326,-0.108650378017912
1326,1327,-0.10865057519964633
1327,1328,-0.10865077209807453
1328,1329,-0.10865096871379137
1329,1330,-0.10865116504738995
1330,1331,-0.10865136109946175
1331,1332,-0.10865155687059659
1332,1333,-0.10865175236138266
1333,1334,-0.1086519475724065
1334,1335,-0.10865214250425306
1335,1336,-0.10865233715750566
1336,1337,-0.10865253153274598
1337,1338,-0.1086527256305541
1338,1339,-0.10865291945150853
1339,1340,-0.10865311299618616
1340,1341,-0.10865330626516224
1341,1342,-0.10865349925901059
1342,1343,-0.10865369197830323
1343,1344,-0.10865388442361078
1344,1345,-0.10865407659550219
1345,1346,-0.10865426849454493
1346,1347,-0.10865446012130482
1347,1348,-0.10865465147634618
1348,1349,-0.10865484256023182
1349,1350,-0.1086550333735229
1350,1351,-0.10865522391677912
1351,1352,-0.10865541419055864
1352,1353,-0.10865560419541807
1353,1354,-0.10865579393191253
1354,1355,-0.1086559834005956
1355,1356,-0.10865617260201935
1356,1357,-0.10865636153673433
1357,1358,-0.10865655020528964
1358,1359,-0.10865673860823283
1359,1360,-0.10865692674611001
1360,1361,-0.10865711461946573
1361,1362,-0.10865730222884312
1362,1363,-0.10865748957478384
1363,1364,-0.10865767665782805
1364,1365,-0.10865786347851444
1365,1366,-0.10865805003738026
1366,1367,-0.1086582363349613
1367,1368,-0.10865842237179188
1368,1369,-0.10865860814840492
1369,1370,-0.10865879366533183
1370,1371,-0.10865897892310268
1371,1372,-0.108659163922246
1372,1373,-0.10865934866328898
1373,1374,-0.10865953314675733
1374,1375,-0.10865971737317541
1375,1376,-0.10865990134306608
1376,1377,-0.10866008505695088
1377,1378,-0.10866026851534986
1378,1379,-0.10866045171878178
1379,1380,-0.1086606346677639
1380,1381,-0.10866081736281216
1381,1382,-0.10866099980444112
1382,1383,-0.10866118199316388
1383,1384,-0.10866136392949229
1384,1385,-0.10866154561393673
1385,1386,-0.10866172704700623
1386,1387,-0.1086619082292085
1387,1388,-0.1086620891610499
1388,1389,-0.10866226984303534
1389,1390,-0.10866245027566854
1390,1391,-0.10866263045945172
1391,1392,-0.1086628103948859
1392,1393,-0.10866299008247066
1393,1394,-0.10866316952270426
1394,1395,-0.10866334871608374
1395,1396,-0.10866352766310472
1396,1397,-0.10866370636426152
1397,1398,-0.10866388482004719
1398,1399,-0.10866406303095341
1399,1400,-0.1086642409974706
1400,1401,-0.10866441872008788
1401,1402,-0.1086645961992931
1402,1403,-0.10866477343557274
1403,1404,-0.10866495042941206
1404,1405,-0.10866512718129505
1405,1406,-0.10866530369170437
1406,1407,-0.10866547996112143
1407,1408,-0.10866565599002638
1408,1409,-0.1086658317788981
1409,1410,-0.10866600732821426
1410,1411,-0.10866618263845117
1411,1412,-0.10866635771008391
1412,1413,-0.10866653254358644
1413,1414,-0.10866670713943133
1414,1415,-0.10866688149808996
1415,1416,-0.10866705562003248
1416,1417,-0.10866722950572782
1417,1418,-0.10866740315564366
1418,1419,-0.10866757657024648
1419,1420,-0.10866774975000149
1420,1421,-0.10866792269537275
1421,1422,-0.10866809540682307
1422,1423,-0.10866826788481408
1423,1424,-0.10866844012980614
1424,1425,-0.10866861214225851
1425,1426,-0.1086687839226292
1426,1427,-0.10866895547137499
1427,1428,-0.10866912678895155
1428,1429,-0.1086692978758133
1429,1430,-0.10866946873241354
1430,1431,-0.10866963935920437
1431,1432,-0.10866980975663669
1432,1433,-0.10866997992516025
1433,1434,-0.10867014986522365
1434,1435,-0.10867031957727431
1435,1436,-0.10867048906175851
1436,1437,-0.10867065831912132
1437,1438,-0.10867082734980676
1438,1439,-0.10867099615425768
1439,1440,-0.10867116473291567
1440,1441,-0.1086713330862213
1441,1442,-0.108671501214614
1442,1443,-0.10867166911853203
1443,1444,-0.10867183679841252
1444,1445,-0.1086720042546915
1445,1446,-0.10867217148780386
1446,1447,-0.10867233849818342
1447,1448,-0.10867250528626282
1448,1449,-0.1086726718524736
1449,1450,-0.10867283819724625
1450,1451,-0.10867300432101012
1451,1452,-0.10867317022419343
1452,1453,-0.10867333590722338
1453,1454,-0.10867350137052599
1454,1455,-0.10867366661452627
1455,1456,-0.1086738316396481
1456,1457,-0.10867399644631433
1457,1458,-0.10867416103494659
1458,1459,-0.10867432540596562
1459,1460,-0.10867448955979098
1460,1461,-0.10867465349684119
1461,1462,-0.1086748172175337
1462,1463,-0.10867498072228493
1463,1464,-0.10867514401151018
1464,1465,-0.10867530708562372
1465,1466,-0.10867546994503882
1466,1467,-0.10867563259016763
1467,1468,-0.1086757950214213
1468,1469,-0.1086759572392099
1469,1470,-0.10867611924394255
1470,1471,-0.10867628103602722
1471,1472,-0.10867644261587091
1472,1473,-0.10867660398387959
1473,1474,-0.1086767651404582
1474,1475,-0.10867692608601066
1475,1476,-0.10867708682093989
1476,1477,-0.10867724734564772
1477,1478,-0.10867740766053507
1478,1479,-0.1086775677660018
1479,1480,-0.10867772766244678
1480,1481,-0.10867788735026782
1481,1482,-0.10867804682986182
1482,1483,-0.10867820610162464
1483,1484,-0.10867836516595111
1484,1485,-0.10867852402323515
1485,1486,-0.10867868267386964
1486,1487,-0.10867884111824648
1487,1488,-0.10867899935675662
1488,1489,-0.10867915738979
1489,1490,-0.10867931521773558
1490,1491,-0.10867947284098138
1491,1492,-0.10867963025991444
1492,1493,-0.10867978747492084
1493,1494,-0.10867994448638565
1494,1495,-0.10868010129469308
1495,1496,-0.10868025790022627
1496,1497,-0.10868041430336747
1497,1498,-0.10868057050449802
1498,1499,-0.10868072650399822
1499,1500,-0.10868088230224744
1500,1501,-0.1086810378996242
1501,1502,-0.108681193296506
1502,1503,-0.1086813484932694
1503,1504,-0.10868150349029004
1504,1505,-0.10868165828794267
1505,1506,-0.10868181288660107
1506,1507,-0.10868196728663813
1507,1508,-0.10868212148842576
1508,1509,-0.10868227549233504
1509,1510,-0.10868242929873605
1510,1511,-0.10868258290799797
1511,1512,-0.10868273632048912
1512,1513,-0.10868288953657688
1513,1514,-0.10868304255662774
1514,1515,-0.10868319538100725
1515,1516,-0.10868334801008009
1516,1517,-0.10868350044421009
1517,1518,-0.10868365268376008
1518,1519,-0.10868380472909207
1519,1520,-0.1086839565805672
1520,1521,-0.10868410823854567
1521,1522,-0.10868425970338683
1522,1523,-0.10868441097544915
1523,1524,-0.10868456205509024
1524,1525,-0.10868471294266674
1525,1526,-0.10868486363853455
1526,1527,-0.10868501414304862
1527,1528,-0.10868516445656305
1528,1529,-0.10868531457943113
1529,1530,-0.10868546451200518
1530,1531,-0.10868561425463674
1531,1532,-0.10868576380767647
1532,1533,-0.1086859131714742
1533,1534,-0.10868606234637887
1534,1535,-0.10868621133273863
1535,1536,-0.1086863601309007
1536,1537,-0.10868650874121154
1537,1538,-0.10868665716401672
1538,1539,-0.10868680539966098
1539,1540,-0.10868695344848829
1540,1541,-0.10868710131084165
1541,1542,-0.10868724898706335
1542,1543,-0.10868739647749479
1543,1544,-0.10868754378247657
1544,1545,-0.10868769090234848
1545,1546,-0.10868783783744948
1546,1547,-0.10868798458811767
1547,1548,-0.10868813115469038
1548,1549,-0.10868827753750414
1549,1550,-0.10868842373689463
1550,1551,-0.10868856975319673
1551,1552,-0.1086887155867445
1552,1553,-0.10868886123787129
1553,1554,-0.10868900670690952
1554,1555,-0.10868915199419091
1555,1556,-0.10868929710004631
1556,1557,-0.10868944202480582
1557,1558,-0.10868958676879875
1558,1559,-0.10868973133235361
1559,1560,-0.10868987571579809
1560,1561,-0.10869001991945917
1561,1562,-0.10869016394366299
1562,1563,-0.10869030778873495
1563,1564,-0.10869045145499966
1564,1565,-0.10869059494278088
1565,1566,-0.1086907382524017
1566,1567,-0.10869088138418445
1567,1568,-0.10869102433845057
1568,1569,-0.10869116711552088
1569,1570,-0.10869130971571535
1570,1571,-0.10869145213935316
1571,1572,-0.10869159438675283
1572,1573,-0.10869173645823205
1573,1574,-0.10869187835410776
1574,1575,-0.1086920200746962
1575,1576,-0.1086921616203128
1576,1577,-0.10869230299127228
1577,1578,-0.10869244418788858
1578,1579,-0.10869258521047495
1579,1580,-0.10869272605934384
1580,1581,-0.10869286673480699
1581,1582,-0.10869300723717543
1582,1583,-0.1086931475667594
1583,1584,-0.10869328772386845
1584,1585,-0.10869342770881138
1585,1586,-0.10869356752189627
1586,1587,-0.10869370716343044
1587,1588,-0.10869384663372057
1588,1589,-0.10869398593307251
1589,1590,-0.1086941250617915
1590,1591,-0.10869426402018195
1591,1592,-0.10869440280854767
1592,1593,-0.10869454142719169
1593,1594,-0.1086946798764163
1594,1595,-0.10869481815652315
1595,1596,-0.10869495626781316
1596,1597,-0.10869509421058651
1597,1598,-0.10869523198514273
1598,1599,-0.10869536959178061
1599,1600,-0.10869550703079826
1600,1601,-0.1086956443024931
1601,1602,-0.10869578140716182
1602,1603,-0.10869591834510048
1603,1604,-0.10869605511660436
1604,1605,-0.10869619172196815
1605,1606,-0.10869632816148576
1606,1607,-0.10869646443545053
1607,1608,-0.10869660054415496
1608,1609,-0.10869673648789104
1609,1610,-0.10869687226694996
1610,1611,-0.10869700788162225
1611,1612,-0.10869714333219781
1612,1613,-0.10869727861896587
1613,1614,-0.10869741374221496
1614,1615,-0.10869754870223292
1615,1616,-0.10869768349930692
1616,1617,-0.10869781813372356
1617,1618,-0.10869795260576869
1618,1619,-0.10869808691572748
1619,1620,-0.10869822106388453
1620,1621,-0.10869835505052372
1621,1622,-0.10869848887592826
1622,1623,-0.10869862254038076
1623,1624,-0.10869875604416314
1624,1625,-0.10869888938755672
1625,1626,-0.10869902257084205
1626,1627,-0.10869915559429917
1627,1628,-0.10869928845820744
1628,1629,-0.10869942116284553
1629,1630,-0.10869955370849152
1630,1631,-0.10869968609542281
1631,1632,-0.1086998183239162
1632,1633,-0.10869995039424785
1633,1634,-0.10870008230669323
1634,1635,-0.10870021406152727
1635,1636,-0.10870034565902421
1636,1637,-0.10870047709945771
1637,1638,-0.1087006083831007
1638,1639,-0.10870073951022559
1639,1640,-0.10870087048110418
1640,1641,-0.10870100129600753
1641,1642,-0.10870113195520621
1642,1643,-0.10870126245897009
1643,1644,-0.10870139280756844
1644,1645,-0.10870152300126996
1645,1646,-0.10870165304034267
1646,1647,-0.10870178292505407
1647,1648,-0.10870191265567096
1648,1649,-0.10870204223245955
1649,1650,-0.10870217165568549
1650,1651,-0.10870230092561382
1651,1652,-0.10870243004250894
1652,1653,-0.10870255900663467
1653,1654,-0.10870268781825423
1654,1655,-0.10870281647763025
1655,1656,-0.10870294498502477
1656,1657,-0.10870307334069922
1657,1658,-0.10870320154491442
1658,1659,-0.10870332959793068
1659,1660,-0.10870345750000765
1660,1661,-0.10870358525140436
1661,1662,-0.10870371285237938
1662,1663,-0.10870384030319058
1663,1664,-0.1087039676040953
1664,1665,-0.10870409475535033
1665,1666,-0.10870422175721176
1666,1667,-0.10870434860993526
1667,1668,-0.1087044753137758
1668,1669,-0.10870460186898788
1669,1670,-0.10870472827582536
1670,1671,-0.10870485453454153
1671,1672,-0.10870498064538912
1672,1673,-0.10870510660862033
1673,1674,-0.10870523242448676
1674,1675,-0.10870535809323942
1675,1676,-0.10870548361512883
1676,1677,-0.10870560899040488
1677,1678,-0.10870573421931695
1678,1679,-0.1087058593021138
1679,1680,-0.10870598423904373
1680,1681,-0.10870610903035438
1681,1682,-0.10870623367629291
1682,1683,-0.10870635817710593
1683,1684,-0.10870648253303941
1684,1685,-0.10870660674433891
1685,1686,-0.10870673081124935
1686,1687,-0.10870685473401509
1687,1688,-0.10870697851288
1688,1689,-0.10870710214808742
1689,1690,-0.10870722563988006
1690,1691,-0.10870734898850021
1691,1692,-0.1087074721941895
1692,1693,-0.10870759525718915
1693,1694,-0.1087077181777397
1694,1695,-0.10870784095608133
1695,1696,-0.10870796359245354
1696,1697,-0.10870808608709535
1697,1698,-0.10870820844024524
1698,1699,-0.10870833065214122
1699,1700,-0.10870845272302072
1700,1701,-0.10870857465312063
1701,1702,-0.10870869644267736
1702,1703,-0.10870881809192681
1703,1704,-0.10870893960110427
1704,1705,-0.10870906097044462
1705,1706,-0.10870918220018216
1706,1707,-0.10870930329055067
1707,1708,-0.10870942424178347
1708,1709,-0.10870954505411333
1709,1710,-0.10870966572777245
1710,1711,-0.10870978626299262
1711,1712,-0.10870990666000512
1712,1713,-0.10871002691904061
1713,1714,-0.10871014704032934
1714,1715,-0.10871026702410104
1715,1716,-0.10871038687058494
1716,1717,-0.10871050658000972
1717,1718,-0.10871062615260361
1718,1719,-0.10871074558859432
1719,1720,-0.10871086488820907
1720,1721,-0.10871098405167459
1721,1722,-0.10871110307921708
1722,1723,-0.10871122197106231
1723,1724,-0.10871134072743548
1724,1725,-0.10871145934856136
1725,1726,-0.10871157783466419
1726,1727,-0.10871169618596775
1727,1728,-0.10871181440269531
1728,1729,-0.10871193248506968
1729,1730,-0.10871205043331315
1730,1731,-0.10871216824764755
1731,1732,-0.10871228592829425
1732,1733,-0.10871240347547408
1733,1734,-0.10871252088940744
1734,1735,-0.10871263817031425
1735,1736,-0.10871275531841389
1736,1737,-0.10871287233392536
1737,1738,-0.10871298921706714
1738,1739,-0.1087131059680572
1739,1740,-0.10871322258711313
1740,1741,-0.10871333907445196
1741,1742,-0.10871345543029026
1742,1743,-0.10871357165484422
1743,1744,-0.10871368774832943
1744,1745,-0.10871380371096111
1745,1746,-0.10871391954295405
1746,1747,-0.10871403524452242
1747,1748,-0.10871415081588007
1748,1749,-0.10871426625724039
1749,1750,-0.1087143815688162
1750,1751,-0.10871449675081993
1751,1752,-0.10871461180346359
1752,1753,-0.10871472672695869
1753,1754,-0.1087148415215163
1754,1755,-0.10871495618734697
1755,1756,-0.10871507072466088
1756,1757,-0.10871518513366782
1757,1758,-0.10871529941457693
1758,1759,-0.10871541356759708
1759,1760,-0.10871552759293658
1760,1761,-0.10871564149080341
1761,1762,-0.10871575526140502
1762,1763,-0.10871586890494843
1763,1764,-0.10871598242164021
1764,1765,-0.10871609581168652
1765,1766,-0.10871620907529304
1766,1767,-0.10871632221266508
1767,1768,-0.10871643522400741
1768,1769,-0.10871654810952448
1769,1770,-0.10871666086942018
1770,1771,-0.10871677350389809
1771,1772,-0.10871688601316128
1772,1773,-0.10871699839741236
1773,1774,-0.1087171106568536
1774,1775,-0.1087172227916868
1775,1776,-0.1087173348021133
1776,1777,-0.10871744668833402
1777,1778,-0.10871755845054956
1778,1779,-0.10871767008895993
1779,1780,-0.1087177816037648
1780,1781,-0.10871789299516345
1781,1782,-0.10871800426335466
1782,1783,-0.10871811540853682
1783,1784,-0.10871822643090795
1784,1785,-0.1087183373306656
1785,1786,-0.10871844810800688
1786,1787,-0.10871855876312854
1787,1788,-0.10871866929622692
1788,1789,-0.10871877970749785
1789,1790,-0.10871888999713687
1790,1791,-0.10871900016533904
1791,1792,-0.10871911021229903
1792,1793,-0.10871922013821106
1793,1794,-0.10871932994326901
1794,1795,-0.10871943962766627
1795,1796,-0.10871954919159589
1796,1797,-0.10871965863525054
1797,1798,-0.10871976795882238
1798,1799,-0.10871987716250324
1799,1800,-0.10871998624648452
1800,1801,-0.10872009521095728
1801,1802,-0.10872020405611206
1802,1803,-0.10872031278213917
1803,1804,-0.10872042138922831
1804,1805,-0.10872052987756901
1805,1806,-0.10872063824735019
1806,1807,-0.10872074649876055
1807,1808,-0.1087208546319883
1808,1809,-0.10872096264722127
1809,1810,-0.10872107054464691
1810,1811,-0.10872117832445226
1811,1812,-0.10872128598682403
1812,1813,-0.10872139353194846
1813,1814,-0.10872150096001144
1814,1815,-0.10872160827119849
1815,1816,-0.10872171546569473
1816,1817,-0.10872182254368486
1817,1818,-0.10872192950535327
1818,1819,-0.1087220363508839
1819,1820,-0.10872214308046037
1820,1821,-0.10872224969426579
1821,1822,-0.10872235619248309
1822,1823,-0.10872246257529464
1823,1824,-0.10872256884288252
1824,1825,-0.10872267499542843
1825,1826,-0.10872278103311371
1826,1827,-0.10872288695611923
1827,1828,-0.10872299276462559
1828,1829,-0.10872309845881298
1829,1830,-0.10872320403886122
1830,1831,-0.10872330950494975
1831,1832,-0.10872341485725763
1832,1833,-0.10872352009596359
1833,1834,-0.10872362522124597
1834,1835,-0.1087237302332827
1835,1836,-0.10872383513225141
1836,1837,-0.10872393991832938
1837,1838,-0.10872404459169338
1838,1839,-0.10872414915252002
1839,1840,-0.10872425360098541
1840,1841,-0.10872435793726534
1841,1842,-0.10872446216153521
1842,1843,-0.10872456627397012
1843,1844,-0.10872467027474472
1844,1845,-0.10872477416403342
1845,1846,-0.10872487794201015
1846,1847,-0.10872498160884861
1847,1848,-0.10872508516472203
1848,1849,-0.10872518860980335
1849,1850,-0.10872529194426511
1850,1851,-0.10872539516827956
1851,1852,-0.10872549828201854
1852,1853,-0.1087256012856536
1853,1854,-0.10872570417935586
1854,1855,-0.10872580696329617
1855,1856,-0.10872590963764496
1856,1857,-0.10872601220257239
1857,1858,-0.10872611465824819
1858,1859,-0.10872621700484181
1859,1860,-0.10872631924252232
1860,1861,-0.10872642137145846
1861,1862,-0.10872652339181864
1862,1863,-0.1087266253037709
1863,1864,-0.10872672710748295
1864,1865,-0.10872682880312214
1865,1866,-0.10872693039085554
1866,1867,-0.10872703187084982
1867,1868,-0.10872713324327132
1868,1869,-0.10872723450828611
1869,1870,-0.1087273356660598
1870,1871,-0.10872743671675777
1871,1872,-0.10872753766054505
1872,1873,-0.10872763849758628
1873,1874,-0.10872773922804584
1874,1875,-0.10872783985208771
1875,1876,-0.10872794036987557
1876,1877,-0.1087280407815728
1877,1878,-0.1087281410873424
1878,1879,-0.10872824128734705
1879,1880,-0.10872834138174915
1880,1881,-0.10872844137071072
1881,1882,-0.10872854125439346
1882,1883,-0.10872864103295879
1883,1884,-0.10872874070656771
1884,1885,-0.10872884027538103
1885,1886,-0.1087289397395591
1886,1887,-0.10872903909926206
1887,1888,-0.10872913835464965
1888,1889,-0.10872923750588134
1889,1890,-0.10872933655311626
1890,1891,-0.1087294354965132
1891,1892,-0.10872953433623067
1892,1893,-0.10872963307242685
1893,1894,-0.10872973170525958
1894,1895,-0.10872983023488642
1895,1896,-0.1087299286614646
1896,1897,-0.10873002698515101
1897,1898,-0.10873012520610233
1898,1899,-0.10873022332447471
1899,1900,-0.10873032134042424
1900,1901,-0.10873041925410652
1901,1902,-0.10873051706567699
1902,1903,-0.10873061477529058
1903,1904,-0.10873071238310213
1904,1905,-0.10873080988926599
1905,1906,-0.10873090729393632
1906,1907,-0.10873100459726691
1907,1908,-0.10873110179941131
1908,1909,-0.10873119890052269
1909,1910,-0.10873129590075396
1910,1911,-0.1087313928002577
1911,1912,-0.10873148959918622
1912,1913,-0.1087315862976915
1913,1914,-0.10873168289592525
1914,1915,-0.10873177939403883
1915,1916,-0.10873187579218334
1916,1917,-0.1087319720905096
1917,1918,-0.10873206828916805
1918,1919,-0.1087321643883089
1919,1920,-0.10873226038808205
1920,1921,-0.10873235628863713
1921,1922,-0.10873245209012339
1922,1923,-0.10873254779268988
1923,1924,-0.10873264339648533
1924,1925,-0.10873273890165813
1925,1926,-0.10873283430835641
1926,1927,-0.10873292961672801
1927,1928,-0.1087330248269205
1928,1929,-0.10873311993908112
1929,1930,-0.10873321495335686
1930,1931,-0.10873330986989435
1931,1932,-0.10873340468884003
1932,1933,-0.10873349941033998
1933,1934,-0.10873359403454003
1934,1935,-0.10873368856158568
1935,1936,-0.1087337829916222
1936,1937,-0.10873387732479457
1937,1938,-0.10873397156124742
1938,1939,-0.10873406570112515
1939,1940,-0.10873415974457189
1940,1941,-0.10873425369173144
1941,1942,-0.10873434754274738
1942,1943,-0.10873444129776294
1943,1944,-0.10873453495692115
1944,1945,-0.10873462852036467
1945,1946,-0.10873472198823594
1946,1947,-0.10873481536067711
1947,1948,-0.10873490863783006
1948,1949,-0.1087350018198364
1949,1950,-0.10873509490683743
1950,1951,-0.10873518789897417
1951,1952,-0.10873528079638743
1952,1953,-0.10873537359921767
1953,1954,-0.10873546630760515
1954,1955,-0.10873555892168982
1955,1956,-0.10873565144161129
1956,1957,-0.10873574386750906
1957,1958,-0.10873583619952219
1958,1959,-0.1087359284377896
1959,1960,-0.10873602058244985
1960,1961,-0.10873611263364127
1961,1962,-0.10873620459150195
1962,1963,-0.10873629645616965
1963,1964,-0.10873638822778191
1964,1965,-0.10873647990647599
1965,1966,-0.10873657149238888
1966,1967,-0.10873666298565732
1967,1968,-0.10873675438641774
1968,1969,-0.10873684569480635
1969,1970,-0.10873693691095912
1970,1971,-0.10873702803501172
1971,1972,-0.10873711906709953
1972,1973,-0.10873721000735773
1973,1974,-0.10873730085592122
1974,1975,-0.10873739161292457
1975,1976,-0.10873748227850226
1976,1977,-0.10873757285278832
1977,1978,-0.10873766333591664
1978,1979,-0.10873775372802082
1979,1980,-0.1087378440292342
1980,1981,-0.10873793423968985
1981,1982,-0.1087380243595206
1982,1983,-0.10873811438885905
1983,1984,-0.10873820432783753
1984,1985,-0.10873829417658808
1985,1986,-0.10873838393524252
1986,1987,-0.1087384736039324
1987,1988,-0.10873856318278906
1988,1989,-0.10873865267194356
1989,1990,-0.10873874207152669
1990,1991,-0.108738831381669
1991,1992,-0.10873892060250082
1992,1993,-0.10873900973415221
1993,1994,-0.10873909877675296
1994,1995,-0.10873918773043267
1995,1996,-0.10873927659532062
1996,1997,-0.10873936537154588
1997,1998,-0.10873945405923732
1998,1999,-0.10873954265852348
1999,2000,-0.10873963116953271
2000,2001,-0.10873971959239306
2001,2002,-0.10873980792723247
2002,2003,-0.10873989617417842
2003,2004,-0.10873998433335835
2004,2005,-0.10874007240489937
2005,2006,-0.10874016038892832
2006,2007,-0.1087402482855719
2007,2008,-0.10874033609495645
2008,2009,-0.10874042381720816
2009,2010,-0.10874051145245292
2010,2011,-0.10874059900081642
2011,2012,-0.10874068646242413
2012,2013,-0.10874077383740119
2013,2014,-0.10874086112587261
2014,2015,-0.10874094832796313
2015,2016,-0.10874103544379721
2016,2017,-0.10874112247349912
2017,2018,-0.10874120941719291
2018,2019,-0.10874129627500233
2019,2020,-0.10874138304705096
2020,2021,-0.10874146973346212
2021,2022,-0.10874155633435892
2022,2023,-0.10874164284986418
2023,2024,-0.10874172928010055
2024,2025,-0.10874181562519043
2025,2026,-0.10874190188525597
2026,2027,-0.10874198806041914
2027,2028,-0.10874207415080159
2028,2029,-0.10874216015652487
2029,2030,-0.10874224607771019
2030,2031,-0.10874233191447856
2031,2032,-0.10874241766695081
2032,2033,-0.10874250333524749
2033,2034,-0.10874258891948893
2034,2035,-0.1087426744197953
2035,2036,-0.10874275983628641
2036,2037,-0.10874284516908202
2037,2038,-0.1087429304183015
2038,2039,-0.1087430155840641
2039,2040,-0.10874310066648885
2040,2041,-0.10874318566569448
2041,2042,-0.10874327058179954
2042,2043,-0.10874335541492239
2043,2044,-0.10874344016518112
2044,2045,-0.10874352483269363
2045,2046,-0.10874360941757763
2046,2047,-0.10874369391995051
2047,2048,-0.10874377833992951
2048,2049,-0.10874386267763171
2049,2050,-0.10874394693317381
2050,2051,-0.10874403110667244
2051,2052,-0.10874411519824398
2052,2053,-0.10874419920800456
2053,2054,-0.10874428313607011
2054,2055,-0.10874436698255634
2055,2056,-0.10874445074757876
2056,2057,-0.10874453443125262
2057,2058,-0.10874461803369304
2058,2059,-0.10874470155501485
2059,2060,-0.1087447849953327
2060,2061,-0.10874486835476105
2061,2062,-0.10874495163341409
2062,2063,-0.10874503483140584
2063,2064,-0.10874511794885011
2064,2065,-0.10874520098586046
2065,2066,-0.1087452839425503
2066,2067,-0.1087453668190328
2067,2068,-0.10874544961542087
2068,2069,-0.10874553233182732
2069,2070,-0.10874561496836468
2070,2071,-0.10874569752514528
2071,2072,-0.10874578000228126
2072,2073,-0.1087458623998845
2073,2074,-0.10874594471806677
2074,2075,-0.10874602695693956
2075,2076,-0.10874610911661416
2076,2077,-0.1087461911972017
2077,2078,-0.10874627319881305
2078,2079,-0.10874635512155895
2079,2080,-0.10874643696554981
2080,2081,-0.10874651873089597
2081,2082,-0.10874660041770753
2082,2083,-0.10874668202609432
2083,2084,-0.1087467635561661
2084,2085,-0.10874684500803224
2085,2086,-0.10874692638180208
2086,2087,-0.10874700767758473
2087,2088,-0.10874708889548901
2088,2089,-0.10874717003562363
2089,2090,-0.10874725109809708
2090,2091,-0.10874733208301764
2091,2092,-0.10874741299049337
2092,2093,-0.10874749382063219
2093,2094,-0.10874757457354174
2094,2095,-0.10874765524932957
2095,2096,-0.10874773584810296
2096,2097,-0.108747816369969
2097,2098,-0.10874789681503462
2098,2099,-0.10874797718340651
2099,2100,-0.10874805747519121
2100,2101,-0.10874813769049499
2101,2102,-0.10874821782942408
2102,2103,-0.10874829789208434
2103,2104,-0.10874837787858153
2104,2105,-0.1087484577890212
2105,2106,-0.10874853762350876
2106,2107,-0.10874861738214932
2107,2108,-0.10874869706504788
2108,2109,-0.10874877667230921
2109,2110,-0.10874885620403796
2110,2111,-0.1087489356603385
2111,2112,-0.10874901504131505
2112,2113,-0.10874909434707167
2113,2114,-0.10874917357771219
2114,2115,-0.10874925273334024
2115,2116,-0.10874933181405934
2116,2117,-0.10874941081997269
2117,2118,-0.10874948975118348
2118,2119,-0.10874956860779456
2119,2120,-0.10874964738990864
2120,2121,-0.10874972609762831
2121,2122,-0.10874980473105589
2122,2123,-0.10874988329029354
2123,2124,-0.10874996177544326
2124,2125,-0.10875004018660686
2125,2126,-0.10875011852388596
2126,2127,-0.10875019678738193
2127,2128,-0.1087502749771961
2128,2129,-0.10875035309342948
2129,2130,-0.108750431136183
2130,2131,-0.10875050910555735
2131,2132,-0.10875058700165308
2132,2133,-0.10875066482457046
2133,2134,-0.10875074257440974
2134,2135,-0.10875082025127088
2135,2136,-0.10875089785525367
2136,2137,-0.10875097538645773
2137,2138,-0.10875105284498254
2138,2139,-0.10875113023092736
2139,2140,-0.10875120754439124
2140,2141,-0.10875128478547315
2141,2142,-0.10875136195427183
2142,2143,-0.10875143905088583
2143,2144,-0.1087515160754135
2144,2145,-0.10875159302795309
2145,2146,-0.10875166990860263
2146,2147,-0.10875174671745999
2147,2148,-0.10875182345462281
2148,2149,-0.10875190012018866
2149,2150,-0.10875197671425482
2150,2151,-0.10875205323691853
2151,2152,-0.10875212968827673
2152,2153,-0.10875220606842623
2153,2154,-0.10875228237746369
2154,2155,-0.10875235861548559
2155,2156,-0.10875243478258821
2156,2157,-0.10875251087886775
2157,2158,-0.10875258690442008
2158,2159,-0.10875266285934108
2159,2160,-0.10875273874372629
2160,2161,-0.10875281455767122
2161,2162,-0.1087528903012711
2162,2163,-0.10875296597462111
2163,2164,-0.10875304157781614
2164,2165,-0.10875311711095098
2165,2166,-0.10875319257412025
2166,2167,-0.10875326796741838
2167,2168,-0.10875334329093964
2168,2169,-0.10875341854477817
2169,2170,-0.10875349372902787
2170,2171,-0.10875356884378254
2171,2172,-0.1087536438891358
2172,2173,-0.10875371886518108
2173,2174,-0.10875379377201164
2174,2175,-0.10875386860972062
2175,2176,-0.10875394337840096
2176,2177,-0.10875401807814547
2177,2178,-0.10875409270904675
2178,2179,-0.10875416727119726
2179,2180,-0.10875424176468933
2180,2181,-0.10875431618961504
2181,2182,-0.10875439054606643
2182,2183,-0.10875446483413527
2183,2184,-0.1087545390539132
2184,2185,-0.10875461320549178
2185,2186,-0.10875468728896226
2186,2187,-0.10875476130441585
2187,2188,-0.10875483525194354
2188,2189,-0.10875490913163618
2189,2190,-0.10875498294358452
2190,2191,-0.108755056687879
2191,2192,-0.10875513036461004
2192,2193,-0.10875520397386788
2193,2194,-0.10875527751574253
2194,2195,-0.1087553509903239
2195,2196,-0.10875542439770176
2196,2197,-0.1087554977379657
2197,2198,-0.1087555710112051
2198,2199,-0.10875564421750927
2199,2200,-0.1087557173569673
2200,2201,-0.1087557904296682
2201,2202,-0.10875586343570073
2202,2203,-0.1087559363751536
2203,2204,-0.10875600924811524
2204,2205,-0.10875608205467403
2205,2206,-0.10875615479491817
2206,2207,-0.10875622746893567
2207,2208,-0.10875630007681442
2208,2209,-0.10875637261864217
2209,2210,-0.10875644509450647
2210,2211,-0.10875651750449476
2211,2212,-0.10875658984869431
2212,2213,-0.10875666212719227
2213,2214,-0.10875673434007559
2214,2215,-0.10875680648743107
2215,2216,-0.10875687856934539
2216,2217,-0.10875695058590511
2217,2218,-0.10875702253719656
2218,2219,-0.10875709442330599
2219,2220,-0.10875716624431943
2220,2221,-0.10875723800032283
2221,2222,-0.10875730969140197
2222,2223,-0.1087573813176425
2223,2224,-0.10875745287912983
2224,2225,-0.10875752437594934
2225,2226,-0.10875759580818617
2226,2227,-0.10875766717592542
2227,2228,-0.10875773847925194
2228,2229,-0.10875780971825047
2229,2230,-0.10875788089300563
2230,2231,-0.10875795200360183
2231,2232,-0.10875802305012344
2232,2233,-0.10875809403265455
2233,2234,-0.10875816495127924
2234,2235,-0.10875823580608132
2235,2236,-0.10875830659714457
2236,2237,-0.10875837732455257
2237,2238,-0.10875844798838871
2238,2239,-0.10875851858873634
2239,2240,-0.10875858912567858
2240,2241,-0.10875865959929845
2241,2242,-0.10875873000967881
2242,2243,-0.10875880035690243
2243,2244,-0.10875887064105184
2244,2245,-0.10875894086220951
2245,2246,-0.10875901102045778
2246,2247,-0.10875908111587872
2247,2248,-0.1087591511485544
2248,2249,-0.10875922111856673
2249,2250,-0.1087592910259974
2250,2251,-0.10875936087092805
2251,2252,-0.10875943065344013
2252,2253,-0.10875950037361494
2253,2254,-0.10875957003153366
2254,2255,-0.1087596396272774
2255,2256,-0.10875970916092699
2256,2257,-0.10875977863256324
2257,2258,-0.10875984804226678
2258,2259,-0.10875991739011809
2259,2260,-0.10875998667619753
2260,2261,-0.10876005590058532
2261,2262,-0.10876012506336158
2262,2263,-0.1087601941646062
2263,2264,-0.10876026320439901
2264,2265,-0.1087603321828197
2265,2266,-0.10876040109994778
2266,2267,-0.1087604699558627
2267,2268,-0.10876053875064375
2268,2269,-0.10876060748436998
2269,2270,-0.10876067615712046
2270,2271,-0.10876074476897402
2271,2272,-0.1087608133200094
2272,2273,-0.10876088181030524
2273,2274,-0.10876095023993998
2274,2275,-0.10876101860899196
2275,2276,-0.10876108691753938
2276,2277,-0.1087611551656603
2277,2278,-0.1087612233534327
2278,2279,-0.10876129148093434
2279,2280,-0.10876135954824293
2280,2281,-0.10876142755543597
2281,2282,-0.1087614955025909
2282,2283,-0.10876156338978503
2283,2284,-0.1087616312170955
2284,2285,-0.10876169898459932
2285,2286,-0.10876176669237336
2286,2287,-0.10876183434049444
2287,2288,-0.10876190192903915
2288,2289,-0.10876196945808402
2289,2290,-0.10876203692770539
2290,2291,-0.10876210433797956
2291,2292,-0.10876217168898261
2292,2293,-0.10876223898079056
2293,2294,-0.10876230621347925
2294,2295,-0.10876237338712444
2295,2296,-0.10876244050180175
2296,2297,-0.10876250755758661
2297,2298,-0.10876257455455443
2298,2299,-0.10876264149278042
2299,2300,-0.1087627083723397
2300,2301,-0.10876277519330722
2301,2302,-0.10876284195575786
2302,2303,-0.10876290865976634
2303,2304,-0.10876297530540724
2304,2305,-0.10876304189275508
2305,2306,-0.10876310842188418
2306,2307,-0.1087631748928688
2307,2308,-0.108763241305783
2308,2309,-0.10876330766070082
2309,2310,-0.10876337395769609
2310,2311,-0.10876344019684252
2311,2312,-0.10876350637821376
2312,2313,-0.1087635725018833
2313,2314,-0.10876363856792448
2314,2315,-0.10876370457641056
2315,2316,-0.10876377052741466
2316,2317,-0.10876383642100977
2317,2318,-0.10876390225726881
2318,2319,-0.10876396803626451
2319,2320,-0.10876403375806952
2320,2321,-0.10876409942275632
2321,2322,-0.10876416503039736
2322,2323,-0.10876423058106488
2323,2324,-0.10876429607483105
2324,2325,-0.10876436151176792
2325,2326,-0.10876442689194737
2326,2327,-0.10876449221544127
2327,2328,-0.1087645574823212
2328,2329,-0.10876462269265881
2329,2330,-0.10876468784652547
2330,2331,-0.10876475294399256
2331,2332,-0.10876481798513125
2332,2333,-0.10876488297001265
2333,2334,-0.10876494789870776
2334,2335,-0.10876501277128735
2335,2336,-0.10876507758782222
2336,2337,-0.10876514234838296
2337,2338,-0.1087652070530401
2338,2339,-0.10876527170186402
2339,2340,-0.10876533629492499
2340,2341,-0.10876540083229315
2341,2342,-0.10876546531403854
2342,2343,-0.10876552974023111
2343,2344,-0.10876559411094065
2344,2345,-0.10876565842623687
2345,2346,-0.1087657226861893
2346,2347,-0.10876578689086748
2347,2348,-0.10876585104034069
2348,2349,-0.1087659151346782
2349,2350,-0.10876597917394913
2350,2351,-0.10876604315822251
2351,2352,-0.1087661070875672
2352,2353,-0.10876617096205203
2353,2354,-0.1087662347817456
2354,2355,-0.10876629854671656
2355,2356,-0.10876636225703326
2356,2357,-0.10876642591276409
2357,2358,-0.10876648951397726
2358,2359,-0.10876655306074087
2359,2360,-0.10876661655312296
2360,2361,-0.10876667999119134
2361,2362,-0.10876674337501385
2362,2363,-0.10876680670465814
2363,2364,-0.10876686998019175
2364,2365,-0.10876693320168215
2365,2366,-0.10876699636919666
2366,2367,-0.10876705948280248
2367,2368,-0.10876712254256676
2368,2369,-0.10876718554855652
2369,2370,-0.1087672485008386
2370,2371,-0.10876731139947983
2371,2372,-0.10876737424454688
2372,2373,-0.10876743703610632
2373,2374,-0.10876749977422462
2374,2375,-0.10876756245896808
2375,2376,-0.10876762509040304
2376,2377,-0.10876768766859554
2377,2378,-0.10876775019361169
2378,2379,-0.10876781266551737
2379,2380,-0.1087678750843784
2380,2381,-0.1087679374502605
2381,2382,-0.10876799976322925
2382,2383,-0.1087680620233502
2383,2384,-0.10876812423068868
2384,2385,-0.10876818638531
2385,2386,-0.10876824848727934
2386,2387,-0.10876831053666176
2387,2388,-0.10876837253352223
2388,2389,-0.10876843447792564
2389,2390,-0.10876849636993675
2390,2391,-0.10876855820962014
2391,2392,-0.10876861999704042
2392,2393,-0.10876868173226208
2393,2394,-0.10876874341534933
2394,2395,-0.10876880504636652
2395,2396,-0.10876886662537773
2396,2397,-0.108768928152447
2397,2398,-0.10876898962763826
2398,2399,-0.10876905105101532
2399,2400,-0.10876911242264191
2400,2401,-0.10876917374258169
2401,2402,-0.1087692350108981
2402,2403,-0.10876929622765458
2403,2404,-0.10876935739291443
2404,2405,-0.1087694185067409
2405,2406,-0.10876947956919708
2406,2407,-0.10876954058034594
2407,2408,-0.10876960154025042
2408,2409,-0.10876966244897332
2409,2410,-0.10876972330657735
2410,2411,-0.10876978411312507
2411,2412,-0.10876984486867905
2412,2413,-0.10876990557330164
2413,2414,-0.10876996622705515
2414,2415,-0.10877002683000181
2415,2416,-0.10877008738220367
2416,2417,-0.10877014788372277
2417,2418,-0.10877020833462105
2418,2419,-0.10877026873496022
2419,2420,-0.10877032908480205
2420,2421,-0.10877038938420815
2421,2422,-0.10877044963324
2422,2423,-0.10877050983195902
2423,2424,-0.10877056998042653
2424,2425,-0.10877063007870375
2425,2426,-0.10877069012685178
2426,2427,-0.10877075012493165
2427,2428,-0.10877081007300428
2428,2429,-0.10877086997113052
2429,2430,-0.10877092981937103
2430,2431,-0.1087709896177865
2431,2432,-0.10877104936643743
2432,2433,-0.10877110906538433
2433,2434,-0.10877116871468742
2434,2435,-0.10877122831440708
2435,2436,-0.10877128786460337
2436,2437,-0.10877134736533638
2437,2438,-0.10877140681666606
2438,2439,-0.10877146621865227
2439,2440,-0.10877152557135482
2440,2441,-0.10877158487483332
2441,2442,-0.1087716441291474
2442,2443,-0.10877170333435651
2443,2444,-0.10877176249052009
2444,2445,-0.10877182159769738
2445,2446,-0.10877188065594762
2446,2447,-0.10877193966532993
2447,2448,-0.10877199862590328
2448,2449,-0.10877205753772665
2449,2450,-0.10877211640085879
2450,2451,-0.10877217521535856
2451,2452,-0.1087722339812845
2452,2453,-0.10877229269869518
2453,2454,-0.1087723513676491
2454,2455,-0.10877240998820457
2455,2456,-0.1087724685604199
2456,2457,-0.10877252708435331
2457,2458,-0.10877258556006282
2458,2459,-0.10877264398760644
2459,2460,-0.10877270236704212
2460,2461,-0.10877276069842765
2461,2462,-0.10877281898182076
2462,2463,-0.10877287721727907
2463,2464,-0.10877293540486015
2464,2465,-0.10877299354462146
2465,2466,-0.10877305163662034
2466,2467,-0.10877310968091405
2467,2468,-0.10877316767755983
2468,2469,-0.1087732256266147
2469,2470,-0.10877328352813574
2470,2471,-0.10877334138217984
2471,2472,-0.10877339918880377
2472,2473,-0.10877345694806435
2473,2474,-0.1087735146600182
2474,2475,-0.10877357232472182
2475,2476,-0.10877362994223176
2476,2477,-0.10877368751260437
2477,2478,-0.10877374503589594
2478,2479,-0.10877380251216273
2479,2480,-0.10877385994146076
2480,2481,-0.10877391732384613
2481,2482,-0.10877397465937474
2482,2483,-0.10877403194810246
2483,2484,-0.10877408919008512
2484,2485,-0.10877414638537831
2485,2486,-0.10877420353403768
2486,2487,-0.1087742606361187
2487,2488,-0.10877431769167685
2488,2489,-0.10877437470076738
2489,2490,-0.10877443166344562
2490,2491,-0.1087744885797667
2491,2492,-0.10877454544978565
2492,2493,-0.10877460227355755
2493,2494,-0.10877465905113727
2494,2495,-0.10877471578257959
2495,2496,-0.10877477246793928
2496,2497,-0.10877482910727099
2497,2498,-0.10877488570062928
2498,2499,-0.10877494224806865
2499,2500,-0.10877499874964347
2500,2501,-0.10877505520540803
2501,2502,-0.10877511161541661
2502,2503,-0.10877516797972335
2503,2504,-0.10877522429838225
2504,2505,-0.10877528057144734
2505,2506,-0.10877533679897249
2506,2507,-0.10877539298101153
2507,2508,-0.10877544911761816
2508,2509,-0.10877550520884603
2509,2510,-0.10877556125474869
2510,2511,-0.10877561725537967
2511,2512,-0.10877567321079228
2512,2513,-0.10877572912103987
2513,2514,-0.1087757849861757
2514,2515,-0.10877584080625285
2515,2516,-0.10877589658132444
2516,2517,-0.10877595231144346
2517,2518,-0.10877600799666277
2518,2519,-0.1087760636370352
2519,2520,-0.10877611923261352
2520,2521,-0.10877617478345032
2521,2522,-0.10877623028959826
2522,2523,-0.10877628575110976
2523,2524,-0.10877634116803729
2524,2525,-0.10877639654043317
2525,2526,-0.10877645186834964
2526,2527,-0.10877650715183886
2527,2528,-0.10877656239095294
2528,2529,-0.1087766175857439
2529,2530,-0.10877667273626368
2530,2531,-0.10877672784256413
2531,2532,-0.108776782904697
2532,2533,-0.108776837922714
2533,2534,-0.10877689289666675
2534,2535,-0.10877694782660678
2535,2536,-0.10877700271258557
2536,2537,-0.10877705755465444
2537,2538,-0.10877711235286475
2538,2539,-0.1087771671072677
2539,2540,-0.10877722181791441
2540,2541,-0.10877727648485598
2541,2542,-0.10877733110814337
2542,2543,-0.10877738568782754
2543,2544,-0.10877744022395926
2544,2545,-0.10877749471658929
2545,2546,-0.10877754916576832
2546,2547,-0.10877760357154698
2547,2548,-0.10877765793397576
2548,2549,-0.10877771225310508
2549,2550,-0.10877776652898538
2550,2551,-0.10877782076166687
2551,2552,-0.10877787495119981
2552,2553,-0.10877792909763434
2553,2554,-0.10877798320102049
2554,2555,-0.10877803726140828
2555,2556,-0.10877809127884762
2556,2557,-0.10877814525338832
2557,2558,-0.10877819918508014
2558,2559,-0.10877825307397275
2559,2560,-0.10877830692011581
2560,2561,-0.10877836072355881
2561,2562,-0.10877841448435122
2562,2563,-0.1087784682025424
2563,2564,-0.10877852187818167
2564,2565,-0.10877857551131828
2565,2566,-0.10877862910200138
2566,2567,-0.10877868265028001
2567,2568,-0.10877873615620325
2568,2569,-0.10877878961981996
2569,2570,-0.10877884304117906
2570,2571,-0.10877889642032933
2571,2572,-0.10877894975731943
2572,2573,-0.10877900305219808
2573,2574,-0.10877905630501378
2574,2575,-0.10877910951581503
2575,2576,-0.10877916268465028
2576,2577,-0.10877921581156784
2577,2578,-0.108779268896616
2578,2579,-0.10877932193984298
2579,2580,-0.1087793749412969
2580,2581,-0.10877942790102577
2581,2582,-0.10877948081907762
2582,2583,-0.10877953369550035
2583,2584,-0.1087795865303418
2584,2585,-0.10877963932364972
2585,2586,-0.1087796920754718
2586,2587,-0.1087797447858557
2587,2588,-0.10877979745484895
2588,2589,-0.10877985008249902
2589,2590,-0.1087799026688533
2590,2591,-0.1087799552139592
2591,2592,-0.10878000771786392
2592,2593,-0.10878006018061467
2593,2594,-0.1087801126022586
2594,2595,-0.10878016498284271
2595,2596,-0.10878021732241402
2596,2597,-0.10878026962101947
2597,2598,-0.10878032187870583
2598,2599,-0.10878037409551994
2599,2600,-0.10878042627150847
2600,2601,-0.10878047840671805
2601,2602,-0.10878053050119524
2602,2603,-0.10878058255498654
2603,2604,-0.10878063456813838
2604,2605,-0.10878068654069714
2605,2606,-0.10878073847270905
2606,2607,-0.10878079036422032
2607,2608,-0.10878084221527715
2608,2609,-0.10878089402592564
2609,2610,-0.1087809457962117
2610,2611,-0.10878099752618134
2611,2612,-0.10878104921588042
2612,2613,-0.10878110086535471
2613,2614,-0.10878115247465
2614,2615,-0.10878120404381196
2615,2616,-0.10878125557288613
2616,2617,-0.10878130706191805
2617,2618,-0.10878135851095323
2618,2619,-0.10878140992003707
2619,2620,-0.10878146128921484
2620,2621,-0.10878151261853186
2621,2622,-0.10878156390803326
2622,2623,-0.10878161515776426
2623,2624,-0.10878166636776983
2624,2625,-0.10878171753809497
2625,2626,-0.10878176866878468
2626,2627,-0.10878181975988375
2627,2628,-0.10878187081143702
2628,2629,-0.10878192182348917
2629,2630,-0.1087819727960849
2630,2631,-0.10878202372926876
2631,2632,-0.10878207462308535
2632,2633,-0.10878212547757908
2633,2634,-0.10878217629279437
2634,2635,-0.1087822270687755
2635,2636,-0.1087822778055668
2636,2637,-0.10878232850321244
2637,2638,-0.10878237916175658
2638,2639,-0.10878242978124324
2639,2640,-0.10878248036171646
2640,2641,-0.10878253090322018
2641,2642,-0.10878258140579829
2642,2643,-0.10878263186949456
2643,2644,-0.10878268229435277
2644,2645,-0.10878273268041658
2645,2646,-0.1087827830277296
2646,2647,-0.10878283333633544
2647,2648,-0.10878288360627751
2648,2649,-0.10878293383759928
2649,2650,-0.10878298403034412
2650,2651,-0.1087830341845553
2651,2652,-0.10878308430027606
2652,2653,-0.10878313437754958
2653,2654,-0.10878318441641893
2654,2655,-0.10878323441692721
2655,2656,-0.10878328437911734
2656,2657,-0.10878333430303233
2657,2658,-0.10878338418871492
2658,2659,-0.10878343403620798
2659,2660,-0.1087834838455542
2660,2661,-0.10878353361679628
2661,2662,-0.10878358334997679
2662,2663,-0.10878363304513827
2663,2664,-0.10878368270232325
2664,2665,-0.10878373232157405
2665,2666,-0.10878378190293313
2666,2667,-0.10878383144644271
2667,2668,-0.10878388095214507
2668,2669,-0.10878393042008236
2669,2670,-0.10878397985029667
2670,2671,-0.10878402924283007
2671,2672,-0.10878407859772452
2672,2673,-0.10878412791502197
2673,2674,-0.10878417719476424
2674,2675,-0.10878422643699319
2675,2676,-0.10878427564175051
2676,2677,-0.10878432480907793
2677,2678,-0.10878437393901699
2678,2679,-0.10878442303160932
2679,2680,-0.10878447208689643
2680,2681,-0.10878452110491967
2681,2682,-0.1087845700857205
2682,2683,-0.10878461902934021
2683,2684,-0.10878466793582003
2684,2685,-0.1087847168052012
2685,2686,-0.10878476563752482
2686,2687,-0.10878481443283199
2687,2688,-0.1087848631911637
2688,2689,-0.10878491191256094
2689,2690,-0.1087849605970646
2690,2691,-0.10878500924471553
2691,2692,-0.10878505785555447
2692,2693,-0.10878510642962219
2693,2694,-0.1087851549669593
2694,2695,-0.10878520346760645
2695,2696,-0.10878525193160417
2696,2697,-0.10878530035899293
2697,2698,-0.10878534874981317
2698,2699,-0.10878539710410526
2699,2700,-0.1087854454219095
2700,2701,-0.10878549370326616
2701,2702,-0.10878554194821542
2702,2703,-0.10878559015679744
2703,2704,-0.10878563832905222
2704,2705,-0.10878568646501988
2705,2706,-0.10878573456474032
2706,2707,-0.10878578262825347
2707,2708,-0.1087858306555992
2708,2709,-0.10878587864681721
2709,2710,-0.10878592660194733
2710,2711,-0.1087859745210292
2711,2712,-0.10878602240410241
2712,2713,-0.10878607025120657
2713,2714,-0.10878611806238114
2714,2715,-0.10878616583766561
2715,2716,-0.10878621357709933
2716,2717,-0.10878626128072165
2717,2718,-0.10878630894857186
2718,2719,-0.10878635658068915
2719,2720,-0.10878640417711272
2720,2721,-0.10878645173788164
2721,2722,-0.108786499263035
2722,2723,-0.10878654675261178
2723,2724,-0.10878659420665092
2724,2725,-0.1087866416251913
2725,2726,-0.10878668900827176
2726,2727,-0.10878673635593107
2727,2728,-0.10878678366820793
2728,2729,-0.10878683094514101
2729,2730,-0.10878687818676892
2730,2731,-0.10878692539313024
2731,2732,-0.10878697256426344
2732,2733,-0.10878701970020695
2733,2734,-0.10878706680099917
2734,2735,-0.10878711386667841
2735,2736,-0.108787160897283
2736,2737,-0.10878720789285112
2737,2738,-0.10878725485342094
2738,2739,-0.10878730177903058
2739,2740,-0.1087873486697181
2740,2741,-0.10878739552552151
2741,2742,-0.10878744234647875
2742,2743,-0.10878748913262773
2743,2744,-0.10878753588400628
2744,2745,-0.10878758260065219
2745,2746,-0.10878762928260316
2746,2747,-0.10878767592989694
2747,2748,-0.10878772254257112
2748,2749,-0.10878776912066328
2749,2750,-0.10878781566421093
2750,2751,-0.10878786217325158
2751,2752,-0.10878790864782256
2752,2753,-0.10878795508796131
2753,2754,-0.10878800149370509
2754,2755,-0.10878804786509118
2755,2756,-0.10878809420215678
2756,2757,-0.10878814050493901
2757,2758,-0.10878818677347503
2758,2759,-0.10878823300780181
2759,2760,-0.1087882792079564
2760,2761,-0.1087883253739757
2761,2762,-0.10878837150589661
2762,2763,-0.10878841760375599
2763,2764,-0.10878846366759058
2764,2765,-0.10878850969743713
2765,2766,-0.10878855569333232
2766,2767,-0.10878860165531277
2767,2768,-0.10878864758341505
2768,2769,-0.10878869347767572
2769,2770,-0.1087887393381312
2770,2771,-0.10878878516481795
2771,2772,-0.10878883095777232
2772,2773,-0.10878887671703062
2773,2774,-0.10878892244262914
2774,2775,-0.1087889681346041
2775,2776,-0.10878901379299159
2776,2777,-0.10878905941782782
2777,2778,-0.1087891050091488
2778,2779,-0.1087891505669906
2779,2780,-0.10878919609138907
2780,2781,-0.10878924158238021
2781,2782,-0.10878928703999984
2782,2783,-0.10878933246428381
2783,2784,-0.10878937785526785
2784,2785,-0.10878942321298764
2785,2786,-0.10878946853747888
2786,2787,-0.10878951382877719
2787,2788,-0.10878955908691812
2788,2789,-0.10878960431193714
2789,2790,-0.10878964950386974
2790,2791,-0.10878969466275132
2791,2792,-0.10878973978861727
2792,2793,-0.10878978488150283
2793,2794,-0.10878982994144333
2794,2795,-0.10878987496847396
2795,2796,-0.10878991996262985
2796,2797,-0.10878996492394617
2797,2798,-0.10879000985245793
2798,2799,-0.1087900547482002
2799,2800,-0.10879009961120792
2800,2801,-0.10879014444151597
2801,2802,-0.10879018923915923
2802,2803,-0.10879023400417256
2803,2804,-0.10879027873659072
2804,2805,-0.1087903234364484
2805,2806,-0.10879036810378032
2806,2807,-0.10879041273862106
2807,2808,-0.10879045734100523
2808,2809,-0.1087905019109673
2809,2810,-0.10879054644854184
2810,2811,-0.10879059095376324
2811,2812,-0.10879063542666585
2812,2813,-0.10879067986728409
2813,2814,-0.10879072427565216
2814,2815,-0.10879076865180437
2815,2816,-0.10879081299577484
2816,2817,-0.1087908573075978
2817,2818,-0.10879090158730728
2818,2819,-0.10879094583493736
2819,2820,-0.10879099005052208
2820,2821,-0.10879103423409531
2821,2822,-0.10879107838569102
2822,2823,-0.1087911225053431
2823,2824,-0.10879116659308531
2824,2825,-0.10879121064895143
2825,2826,-0.1087912546729752
2826,2827,-0.10879129866519029
2827,2828,-0.10879134262563032
2828,2829,-0.10879138655432885
2829,2830,-0.10879143045131946
2830,2831,-0.10879147431663562
2831,2832,-0.10879151815031078
2832,2833,-0.10879156195237831
2833,2834,-0.1087916057228716
2834,2835,-0.10879164946182393
2835,2836,-0.10879169316926857
2836,2837,-0.10879173684523871
2837,2838,-0.10879178048976752
2838,2839,-0.10879182410288815
2839,2840,-0.10879186768463367
2840,2841,-0.10879191123503706
2841,2842,-0.10879195475413139
2842,2843,-0.1087919982419495
2843,2844,-0.10879204169852436
2844,2845,-0.10879208512388877
2845,2846,-0.10879212851807556
2846,2847,-0.10879217188111748
2847,2848,-0.10879221521304726
2848,2849,-0.10879225851389754
2849,2850,-0.10879230178370095
2850,2851,-0.10879234502249005
2851,2852,-0.10879238823029738
2852,2853,-0.10879243140715548
2853,2854,-0.10879247455309674
2854,2855,-0.10879251766815355
2855,2856,-0.1087925607523583
2856,2857,-0.10879260380574328
2857,2858,-0.10879264682834078
2858,2859,-0.10879268982018296
2859,2860,-0.10879273278130207
2860,2861,-0.10879277571173022
2861,2862,-0.10879281861149948
2862,2863,-0.10879286148064189
2863,2864,-0.10879290431918949
2864,2865,-0.10879294712717419
2865,2866,-0.10879298990462793
2866,2867,-0.10879303265158259
2867,2868,-0.10879307536807001
2868,2869,-0.10879311805412192
2869,2870,-0.10879316070977009
2870,2871,-0.1087932033350462
2871,2872,-0.10879324592998194
2872,2873,-0.1087932884946089
2873,2874,-0.10879333102895862
2874,2875,-0.10879337353306266
2875,2876,-0.10879341600695247
2876,2877,-0.10879345845065952
2877,2878,-0.10879350086421519
2878,2879,-0.10879354324765081
2879,2880,-0.10879358560099772
2880,2881,-0.10879362792428719
2881,2882,-0.10879367021755043
2882,2883,-0.1087937124808186
2883,2884,-0.10879375471412286
2884,2885,-0.10879379691749431
2885,2886,-0.10879383909096403
2886,2887,-0.10879388123456299
2887,2888,-0.10879392334832219
2888,2889,-0.10879396543227252
2889,2890,-0.10879400748644488
2890,2891,-0.10879404951087013
2891,2892,-0.10879409150557907
2892,2893,-0.10879413347060245
2893,2894,-0.10879417540597101
2894,2895,-0.1087942173117154
2895,2896,-0.10879425918786628
2896,2897,-0.10879430103445423
2897,2898,-0.10879434285150978
2898,2899,-0.10879438463906349
2899,2900,-0.1087944263971458
2900,2901,-0.10879446812578715
2901,2902,-0.1087945098250179
2902,2903,-0.10879455149486844
2903,2904,-0.10879459313536904
2904,2905,-0.10879463474654996
2905,2906,-0.10879467632844149
2906,2907,-0.10879471788107375
2907,2908,-0.10879475940447687
2908,2909,-0.108794800898681
2909,2910,-0.10879484236371618
2910,2911,-0.10879488379961244
2911,2912,-0.10879492520639972
2912,2913,-0.108794966584108
2913,2914,-0.10879500793276718
2914,2915,-0.1087950492524071
2915,2916,-0.10879509054305758
2916,2917,-0.10879513180474844
2917,2918,-0.10879517303750934
2918,2919,-0.10879521424137004
2919,2920,-0.10879525541636019
2920,2921,-0.10879529656250936
2921,2922,-0.10879533767984721
2922,2923,-0.10879537876840323
2923,2924,-0.1087954198282069
2924,2925,-0.10879546085928771
2925,2926,-0.10879550186167508
2926,2927,-0.10879554283539837
2927,2928,-0.10879558378048698
2928,2929,-0.10879562469697014
2929,2930,-0.10879566558487713
2930,2931,-0.10879570644423721
2931,2932,-0.10879574727507953
2932,2933,-0.10879578807743326
2933,2934,-0.10879582885132748
2934,2935,-0.10879586959679127
2935,2936,-0.10879591031385365
2936,2937,-0.10879595100254362
2937,2938,-0.10879599166289013
2938,2939,-0.10879603229492206
2939,2940,-0.10879607289866836
2940,2941,-0.1087961134741578
2941,2942,-0.10879615402141916
2942,2943,-0.1087961945404813
2943,2944,-0.10879623503137281
2944,2945,-0.10879627549412246
2945,2946,-0.10879631592875887
2946,2947,-0.10879635633531061
2947,2948,-0.10879639671380631
2948,2949,-0.10879643706427446
2949,2950,-0.10879647738674356
2950,2951,-0.10879651768124204
2951,2952,-0.10879655794779833
2952,2953,-0.10879659818644084
2953,2954,-0.10879663839719786
2954,2955,-0.10879667858009773
2955,2956,-0.10879671873516866
2956,2957,-0.10879675886243895
2957,2958,-0.1087967989619367
2958,2959,-0.10879683903369017
2959,2960,-0.10879687907772738
2960,2961,-0.10879691909407643
2961,2962,-0.1087969590827654
2962,2963,-0.10879699904382226
2963,2964,-0.10879703897727495
2964,2965,-0.10879707888315147
2965,2966,-0.10879711876147963
2966,2967,-0.10879715861228735
2967,2968,-0.1087971984356024
2968,2969,-0.1087972382314526
2969,2970,-0.10879727799986563
2970,2971,-0.10879731774086927
2971,2972,-0.10879735745449115
2972,2973,-0.10879739714075891
2973,2974,-0.10879743679970018
2974,2975,-0.10879747643134244
2975,2976,-0.1087975160357133
2976,2977,-0.10879755561284019
2977,2978,-0.1087975951627506
2978,2979,-0.10879763468547192
2979,2980,-0.10879767418103153
2980,2981,-0.10879771364945677
2981,2982,-0.108797753090775
2982,2983,-0.10879779250501342
2983,2984,-0.1087978318921993
2984,2985,-0.1087978712523598
2985,2986,-0.10879791058552214
2986,2987,-0.10879794989171344
2987,2988,-0.10879798917096073
2988,2989,-0.10879802842329113
2989,2990,-0.10879806764873165
2990,2991,-0.10879810684730926
2991,2992,-0.10879814601905091
2992,2993,-0.10879818516398353
2993,2994,-0.10879822428213397
2994,2995,-0.1087982633735291
2995,2996,-0.1087983024381957
2996,2997,-0.10879834147616059
2997,2998,-0.10879838048745046
2998,2999,-0.10879841947209204
2999,3000,-0.10879845843011199
3000,3001,-0.10879849736153692
3001,3002,-0.10879853626639346
3002,3003,-0.10879857514470818
3003,3004,-0.10879861399650756
3004,3005,-0.10879865282181814
3005,3006,-0.10879869162066638
3006,3007,-0.10879873039307865
3007,3008,-0.1087987691390814
3008,3009,-0.10879880785870095
3009,3010,-0.10879884655196363
3010,3011,-0.10879888521889575
3011,3012,-0.1087989238595235
3012,3013,-0.10879896247387316
3013,3014,-0.10879900106197089
3014,3015,-0.10879903962384285
3015,3016,-0.1087990781595151
3016,3017,-0.1087991166690138
3017,3018,-0.10879915515236496
3018,3019,-0.10879919360959459
3019,3020,-0.10879923204072868
3020,3021,-0.10879927044579317
3021,3022,-0.10879930882481394
3022,3023,-0.10879934717781692
3023,3024,-0.10879938550482793
3024,3025,-0.10879942380587276
3025,3026,-0.10879946208097722
3026,3027,-0.10879950033016708
3027,3028,-0.10879953855346794
3028,3029,-0.10879957675090561
3029,3030,-0.10879961492250563
3030,3031,-0.10879965306829367
3031,3032,-0.10879969118829529
3032,3033,-0.108799729282536
3033,3034,-0.10879976735104135
3034,3035,-0.10879980539383682
3035,3036,-0.10879984341094782
3036,3037,-0.1087998814023998
3037,3038,-0.10879991936821809
3038,3039,-0.10879995730842809
3039,3040,-0.10879999522305507
3040,3041,-0.10880003311212433
3041,3042,-0.1088000709756611
3042,3043,-0.10880010881369062
3043,3044,-0.10880014662623805
3044,3045,-0.10880018441332855
3045,3046,-0.10880022217498722
3046,3047,-0.10880025991123914
3047,3048,-0.10880029762210938
3048,3049,-0.10880033530762298
3049,3050,-0.1088003729678049
3050,3051,-0.10880041060268009
3051,3052,-0.10880044821227347
3052,3053,-0.10880048579660993
3053,3054,-0.10880052335571436
3054,3055,-0.10880056088961156
3055,3056,-0.10880059839832631
3056,3057,-0.10880063588188339
3057,3058,-0.10880067334030753
3058,3059,-0.10880071077362342
3059,3060,-0.10880074818185574
3060,3061,-0.10880078556502913
3061,3062,-0.10880082292316816
3062,3063,-0.10880086025629741
3063,3064,-0.10880089756444145
3064,3065,-0.10880093484762476
3065,3066,-0.10880097210587182
3066,3067,-0.1088010093392071
3067,3068,-0.10880104654765499
3068,3069,-0.10880108373123985
3069,3070,-0.10880112088998607
3070,3071,-0.10880115802391797
3071,3072,-0.10880119513305983
3072,3073,-0.10880123221743589
3073,3074,-0.10880126927707037
3074,3075,-0.10880130631198752
3075,3076,-0.10880134332221146
3076,3077,-0.10880138030776632
3077,3078,-0.1088014172686762
3078,3079,-0.10880145420496522
3079,3080,-0.10880149111665736
3080,3081,-0.10880152800377668
3081,3082,-0.10880156486634715
3082,3083,-0.10880160170439267
3083,3084,-0.1088016385179372
3084,3085,-0.10880167530700462
3085,3086,-0.10880171207161879
3086,3087,-0.10880174881180353
3087,3088,-0.10880178552758264
3088,3089,-0.1088018222189799
3089,3090,-0.10880185888601902
3090,3091,-0.10880189552872371
3091,3092,-0.10880193214711767
3092,3093,-0.10880196874122448
3093,3094,-0.10880200531106786
3094,3095,-0.1088020418566713
3095,3096,-0.1088020783780584
3096,3097,-0.10880211487525267
3097,3098,-0.1088021513482776
3098,3099,-0.10880218779715665
3099,3100,-0.1088022242219133
3100,3101,-0.10880226062257091
3101,3102,-0.10880229699915285
3102,3103,-0.1088023333516825
3103,3104,-0.10880236968018317
3104,3105,-0.10880240598467808
3105,3106,-0.10880244226519058
3106,3107,-0.10880247852174386
3107,3108,-0.10880251475436109
3108,3109,-0.10880255096306549
3109,3110,-0.10880258714788014
3110,3111,-0.10880262330882821
3111,3112,-0.10880265944593277
3112,3113,-0.10880269555921682
3113,3114,-0.10880273164870341
3114,3115,-0.10880276771441554
3115,3116,-0.10880280375637617
3116,3117,-0.10880283977460824
3117,3118,-0.10880287576913465
3118,3119,-0.1088029117399783
3119,3120,-0.10880294768716196
3120,3121,-0.10880298361070855
3121,3122,-0.10880301951064078
3122,3123,-0.10880305538698144
3123,3124,-0.10880309123975328
3124,3125,-0.10880312706897899
3125,3126,-0.10880316287468123
3126,3127,-0.10880319865688264
3127,3128,-0.10880323441560588
3128,3129,-0.1088032701508735
3129,3130,-0.10880330586270812
3130,3131,-0.10880334155113217
3131,3132,-0.10880337721616823
3132,3133,-0.10880341285783875
3133,3134,-0.1088034484761662
3134,3135,-0.10880348407117296
3135,3136,-0.10880351964288147
3136,3137,-0.10880355519131406
3137,3138,-0.10880359071649306
3138,3139,-0.10880362621844078
3139,3140,-0.10880366169717952
3140,3141,-0.1088036971527315
3141,3142,-0.10880373258511897
3142,3143,-0.1088037679943641
3143,3144,-0.10880380338048908
3144,3145,-0.10880383874351601
3145,3146,-0.10880387408346705
3146,3147,-0.10880390940036425
3147,3148,-0.10880394469422967
3148,3149,-0.10880397996508534
3149,3150,-0.10880401521295328
3150,3151,-0.10880405043785543
3151,3152,-0.10880408563981375
3152,3153,-0.10880412081885014
3153,3154,-0.10880415597498655
3154,3155,-0.10880419110824478
3155,3156,-0.10880422621864666
3156,3157,-0.10880426130621407
3157,3158,-0.1088042963709687
3158,3159,-0.10880433141293237
3159,3160,-0.10880436643212679
3160,3161,-0.10880440142857364
3161,3162,-0.10880443640229462
3162,3163,-0.10880447135331135
3163,3164,-0.10880450628164544
3164,3165,-0.10880454118731853
3165,3166,-0.10880457607035214
3166,3167,-0.10880461093076783
3167,3168,-0.10880464576858707
3168,3169,-0.10880468058383141
3169,3170,-0.10880471537652224
3170,3171,-0.10880475014668105
3171,3172,-0.10880478489432921
3172,3173,-0.10880481961948808
3173,3174,-0.10880485432217907
3174,3175,-0.10880488900242342
3175,3176,-0.1088049236602425
3176,3177,-0.10880495829565755
3177,3178,-0.10880499290868982
3178,3179,-0.10880502749936052
3179,3180,-0.10880506206769082
3180,3181,-0.10880509661370195
3181,3182,-0.108805131137415
3182,3183,-0.10880516563885108
3183,3184,-0.10880520011803128
3184,3185,-0.10880523457497668
3185,3186,-0.10880526900970829
3186,3187,-0.10880530342224715
3187,3188,-0.1088053378126142
3188,3189,-0.10880537218083043
3189,3190,-0.10880540652691677
3190,3191,-0.1088054408508941
3191,3192,-0.10880547515278331
3192,3193,-0.10880550943260524
3193,3194,-0.10880554369038073
3194,3195,-0.10880557792613058
3195,3196,-0.10880561213987558
3196,3197,-0.10880564633163646
3197,3198,-0.10880568050143392
3198,3199,-0.10880571464928873
3199,3200,-0.10880574877522149
3200,3201,-0.10880578287925288
3201,3202,-0.1088058169614035
3202,3203,-0.10880585102169398
3203,3204,-0.10880588506014488
3204,3205,-0.1088059190767767
3205,3206,-0.10880595307161002
3206,3207,-0.10880598704466533
3207,3208,-0.10880602099596305
3208,3209,-0.10880605492552367
3209,3210,-0.1088060888333676
3210,3211,-0.10880612271951523
3211,3212,-0.10880615658398692
3212,3213,-0.10880619042680303
3213,3214,-0.10880622424798385
3214,3215,-0.10880625804754968
3215,3216,-0.10880629182552085
3216,3217,-0.10880632558191751
3217,3218,-0.10880635931675993
3218,3219,-0.10880639303006832
3219,3220,-0.10880642672186282
3220,3221,-0.10880646039216359
3221,3222,-0.10880649404099071
3222,3223,-0.10880652766836434
3223,3224,-0.1088065612743045
3224,3225,-0.10880659485883125
3225,3226,-0.10880662842196463
3226,3227,-0.1088066619637246
3227,3228,-0.10880669548413119
3228,3229,-0.10880672898320426
3229,3230,-0.10880676246096382
3230,3231,-0.10880679591742971
3231,3232,-0.10880682935262184
3232,3233,-0.10880686276656006
3233,3234,-0.10880689615926417
3234,3235,-0.10880692953075398
3235,3236,-0.10880696288104928
3236,3237,-0.10880699621016982
3237,3238,-0.10880702951813533
3238,3239,-0.10880706280496547
3239,3240,-0.10880709607068002
3240,3241,-0.10880712931529851
3241,3242,-0.10880716253884071
3242,3243,-0.10880719574132613
3243,3244,-0.10880722892277438
3244,3245,-0.10880726208320503
3245,3246,-0.10880729522263761
3246,3247,-0.10880732834109166
3247,3248,-0.10880736143858664
3248,3249,-0.108807394515142
3249,3250,-0.10880742757077723
3250,3251,-0.10880746060551173
3251,3252,-0.10880749361936487
3252,3253,-0.10880752661235606
3253,3254,-0.10880755958450464
3254,3255,-0.10880759253582989
3255,3256,-0.10880762546635117
3256,3257,-0.10880765837608773
3257,3258,-0.10880769126505882
3258,3259,-0.10880772413328368
3259,3260,-0.1088077569807815
3260,3261,-0.1088077898075715
3261,3262,-0.10880782261367283
3262,3263,-0.10880785539910458
3263,3264,-0.10880788816388595
3264,3265,-0.10880792090803595
3265,3266,-0.1088079536315737
3266,3267,-0.1088079863345182
3267,3268,-0.10880801901688851
3268,3269,-0.10880805167870362
3269,3270,-0.10880808431998253
3270,3271,-0.10880811694074412
3271,3272,-0.10880814954100738
3272,3273,-0.10880818212079121
3273,3274,-0.10880821468011449
3274,3275,-0.10880824721899605
3275,3276,-0.10880827973745479
3276,3277,-0.10880831223550949
3277,3278,-0.10880834471317893
3278,3279,-0.10880837717048189
3279,3280,-0.10880840960743712
3280,3281,-0.10880844202406338
3281,3282,-0.10880847442037932
3282,3283,-0.10880850679640366
3283,3284,-0.10880853915215502
3284,3285,-0.10880857148765205
3285,3286,-0.10880860380291338
3286,3287,-0.10880863609795756
3287,3288,-0.1088086683728032
3288,3289,-0.10880870062746885
3289,3290,-0.10880873286197297
3290,3291,-0.10880876507633416
3291,3292,-0.10880879727057079
3292,3293,-0.10880882944470138
3293,3294,-0.10880886159874435
3294,3295,-0.10880889373271811
3295,3296,-0.10880892584664106
3296,3297,-0.10880895794053158
3297,3298,-0.10880899001440796
3298,3299,-0.1088090220682886
3299,3300,-0.10880905410219173
3300,3301,-0.10880908611613566
3301,3302,-0.10880911811013866
3302,3303,-0.10880915008421896
3303,3304,-0.10880918203839476
3304,3305,-0.10880921397268425
3305,3306,-0.10880924588710561
3306,3307,-0.10880927778167702
3307,3308,-0.10880930965641655
3308,3309,-0.10880934151134233
3309,3310,-0.10880937334647245
3310,3311,-0.10880940516182498
3311,3312,-0.10880943695741792
3312,3313,-0.10880946873326931
3313,3314,-0.10880950048939719
3314,3315,-0.10880953222581947
3315,3316,-0.10880956394255413
3316,3317,-0.10880959563961913
3317,3318,-0.10880962731703235
3318,3319,-0.10880965897481165
3319,3320,-0.10880969061297496
3320,3321,-0.1088097222315401
3321,3322,-0.1088097538305249
3322,3323,-0.10880978540994715
3323,3324,-0.10880981696982463
3324,3325,-0.10880984851017515
3325,3326,-0.10880988003101641
3326,3327,-0.10880991153236615
3327,3328,-0.108809943014242
3328,3329,-0.10880997447666176
3329,3330,-0.10881000591964297
3330,3331,-0.10881003734320334
3331,3332,-0.10881006874736047
3332,3333,-0.10881010013213192
3333,3334,-0.10881013149753531
3334,3335,-0.10881016284358816
3335,3336,-0.108810194170308
3336,3337,-0.10881022547771238
3337,3338,-0.10881025676581874
3338,3339,-0.10881028803464458
3339,3340,-0.1088103192842073
3340,3341,-0.10881035051452441
3341,3342,-0.10881038172561325
3342,3343,-0.10881041291749123
3343,3344,-0.1088104440901757
3344,3345,-0.10881047524368402
3345,3346,-0.10881050637803352
3346,3347,-0.1088105374932415
3347,3348,-0.10881056858932522
3348,3349,-0.10881059966630198
3349,3350,-0.10881063072418899
3350,3351,-0.10881066176300348
3351,3352,-0.10881069278276267
3352,3353,-0.10881072378348372
3353,3354,-0.10881075476518381
3354,3355,-0.10881078572788005
3355,3356,-0.1088108166715896
3356,3357,-0.10881084759632952
3357,3358,-0.1088108785021169
3358,3359,-0.10881090938896883
3359,3360,-0.10881094025690231
3360,3361,-0.10881097110593439
3361,3362,-0.10881100193608206
3362,3363,-0.10881103274736229
3363,3364,-0.10881106353979206
3364,3365,-0.10881109431338827
3365,3366,-0.1088111250681679
3366,3367,-0.10881115580414776
3367,3368,-0.10881118652134482
3368,3369,-0.10881121721977588
3369,3370,-0.10881124789945781
3370,3371,-0.10881127856040745
3371,3372,-0.10881130920264154
3372,3373,-0.10881133982617694
3373,3374,-0.10881137043103031
3374,3375,-0.10881140101721849
3375,3376,-0.10881143158475812
3376,3377,-0.10881146213366596
3377,3378,-0.10881149266395866
3378,3379,-0.10881152317565289
3379,3380,-0.10881155366876533
3380,3381,-0.10881158414331253
3381,3382,-0.10881161459931113
3382,3383,-0.10881164503677776
3383,3384,-0.10881167545572891
3384,3385,-0.10881170585618115
3385,3386,-0.10881173623815105
3386,3387,-0.10881176660165506
3387,3388,-0.10881179694670969
3388,3389,-0.10881182727333141
3389,3390,-0.10881185758153665
3390,3391,-0.10881188787134188
3391,3392,-0.10881191814276349
3392,3393,-0.10881194839581786
3393,3394,-0.10881197863052136
3394,3395,-0.10881200884689038
3395,3396,-0.1088120390449412
3396,3397,-0.10881206922469017
3397,3398,-0.10881209938615356
3398,3399,-0.1088121295293477
3399,3400,-0.10881215965428878
3400,3401,-0.10881218976099308
3401,3402,-0.10881221984947681
3402,3403,-0.10881224991975619
3403,3404,-0.10881227997184738
3404,3405,-0.10881231000576652
3405,3406,-0.10881234002152979
3406,3407,-0.10881237001915331
3407,3408,-0.10881239999865318
3408,3409,-0.1088124299600455
3409,3410,-0.10881245990334633
3410,3411,-0.10881248982857171
3411,3412,-0.10881251973573769
3412,3413,-0.10881254962486027
3413,3414,-0.10881257949595545
3414,3415,-0.10881260934903922
3415,3416,-0.1088126391841275
3416,3417,-0.10881266900123626
3417,3418,-0.10881269880038141
3418,3419,-0.10881272858157885
3419,3420,-0.1088127583448445
3420,3421,-0.10881278809019415
3421,3422,-0.10881281781764374
3422,3423,-0.10881284752720899
3423,3424,-0.10881287721890578
3424,3425,-0.10881290689274993
3425,3426,-0.10881293654875712
3426,3427,-0.10881296618694318
3427,3428,-0.10881299580732384
3428,3429,-0.10881302540991478
3429,3430,-0.10881305499473172
3430,3431,-0.10881308456179035
3431,3432,-0.10881311411110632
3432,3433,-0.10881314364269531
3433,3434,-0.1088131731565729
3434,3435,-0.10881320265275472
3435,3436,-0.10881323213125638
3436,3437,-0.10881326159209344
3437,3438,-0.10881329103528142
3438,3439,-0.10881332046083589
3439,3440,-0.10881334986877239
3440,3441,-0.10881337925910639
3441,3442,-0.10881340863185342
3442,3443,-0.10881343798702885
3443,3444,-0.10881346732464822
3444,3445,-0.1088134966447269
3445,3446,-0.10881352594728037
3446,3447,-0.108813555232324
3447,3448,-0.10881358449987313
3448,3449,-0.10881361374994315
3449,3450,-0.10881364298254936
3450,3451,-0.10881367219770716
3451,3452,-0.1088137013954318
3452,3453,-0.10881373057573855
3453,3454,-0.10881375973864278
3454,3455,-0.10881378888415966
3455,3456,-0.10881381801230441
3456,3457,-0.10881384712309232
3457,3458,-0.10881387621653853
3458,3459,-0.10881390529265825
3459,3460,-0.10881393435146665
3460,3461,-0.10881396339297887
3461,3462,-0.10881399241721003
3462,3463,-0.10881402142417528
3463,3464,-0.10881405041388968
3464,3465,-0.10881407938636835
3465,3466,-0.1088141083416263
3466,3467,-0.1088141372796786
3467,3468,-0.10881416620054028
3468,3469,-0.10881419510422638
3469,3470,-0.10881422399075184
3470,3471,-0.10881425286013163
3471,3472,-0.10881428171238078
3472,3473,-0.10881431054751417
3473,3474,-0.10881433936554677
3474,3475,-0.10881436816649344
3475,3476,-0.10881439695036907
3476,3477,-0.10881442571718858
3477,3478,-0.10881445446696678
3478,3479,-0.10881448319971852
3479,3480,-0.10881451191545868
3480,3481,-0.108814540614202
3481,3482,-0.10881456929596327
3482,3483,-0.10881459796075728
3483,3484,-0.10881462660859881
3484,3485,-0.10881465523950255
3485,3486,-0.10881468385348325
3486,3487,-0.10881471245055561
3487,3488,-0.10881474103073432
3488,3489,-0.10881476959403405
3489,3490,-0.10881479814046945
3490,3491,-0.10881482667005517
3491,3492,-0.10881485518280581
3492,3493,-0.10881488367873596
3493,3494,-0.10881491215786027
3494,3495,-0.10881494062019328
3495,3496,-0.1088149690657495
3496,3497,-0.10881499749454354
3497,3498,-0.10881502590658988
3498,3499,-0.10881505430190302
3499,3500,-0.10881508268049747
3500,3501,-0.10881511104238771
3501,3502,-0.10881513938758815
3502,3503,-0.10881516771611327
3503,3504,-0.10881519602797748
3504,3505,-0.10881522432319518
3505,3506,-0.10881525260178078
3506,3507,-0.10881528086374864
3507,3508,-0.10881530910911313
3508,3509,-0.10881533733788858
3509,3510,-0.10881536555008932
3510,3511,-0.10881539374572963
3511,3512,-0.10881542192482384
3512,3513,-0.10881545008738622
3513,3514,-0.108815478233431
3514,3515,-0.10881550636297248
3515,3516,-0.10881553447602482
3516,3517,-0.10881556257260232
3517,3518,-0.10881559065271908
3518,3519,-0.10881561871638933
3519,3520,-0.10881564676362723
3520,3521,-0.10881567479444693
3521,3522,-0.10881570280886256
3522,3523,-0.10881573080688822
3523,3524,-0.10881575878853803
3524,3525,-0.10881578675382607
3525,3526,-0.1088158147027664
3526,3527,-0.10881584263537308
3527,3528,-0.10881587055166014
3528,3529,-0.10881589845164161
3529,3530,-0.10881592633533148
3530,3531,-0.10881595420274374
3531,3532,-0.1088159820538924
3532,3533,-0.10881600988879137
3533,3534,-0.1088160377074546
3534,3535,-0.10881606550989602
3535,3536,-0.10881609329612957
3536,3537,-0.10881612106616909
3537,3538,-0.1088161488200285
3538,3539,-0.10881617655772167
3539,3540,-0.10881620427926243
3540,3541,-0.10881623198466461
3541,3542,-0.10881625967394203
3542,3543,-0.1088162873471085
3543,3544,-0.10881631500417777
3544,3545,-0.10881634264516366
3545,3546,-0.10881637027007991
3546,3547,-0.10881639787894026
3547,3548,-0.10881642547175839
3548,3549,-0.10881645304854808
3549,3550,-0.10881648060932296
3550,3551,-0.10881650815409676
3551,3552,-0.10881653568288309
3552,3553,-0.10881656319569566
3553,3554,-0.10881659069254804
3554,3555,-0.1088166181734539
3555,3556,-0.10881664563842679
3556,3557,-0.1088166730874803
3557,3558,-0.10881670052062807
3558,3559,-0.10881672793788362
3559,3560,-0.10881675533926045
3560,3561,-0.1088167827247721
3561,3562,-0.10881681009443211
3562,3563,-0.108816837448254
3563,3564,-0.10881686478625117
3564,3565,-0.10881689210843713
3565,3566,-0.10881691941482534
3566,3567,-0.10881694670542923
3567,3568,-0.10881697398026222
3568,3569,-0.10881700123933766
3569,3570,-0.10881702848266903
3570,3571,-0.10881705571026966
3571,3572,-0.10881708292215289
3572,3573,-0.1088171101183321
3573,3574,-0.10881713729882063
3574,3575,-0.10881716446363175
3575,3576,-0.10881719161277881
3576,3577,-0.10881721874627506
3577,3578,-0.1088172458641338
3578,3579,-0.10881727296636826
3579,3580,-0.10881730005299169
3580,3581,-0.10881732712401733
3581,3582,-0.10881735417945838
3582,3583,-0.10881738121932803
3583,3584,-0.10881740824363949
3584,3585,-0.1088174352524059
3585,3586,-0.10881746224564044
3586,3587,-0.10881748922335624
3587,3588,-0.10881751618556641
3588,3589,-0.10881754313228408
3589,3590,-0.10881757006352231
3590,3591,-0.10881759697929422
3591,3592,-0.10881762387961287
3592,3593,-0.1088176507644913
3593,3594,-0.10881767763394257
3594,3595,-0.10881770448797966
3595,3596,-0.10881773132661562
3596,3597,-0.10881775814986343
3597,3598,-0.10881778495773609
3598,3599,-0.1088178117502465
3599,3600,-0.10881783852740769
3600,3601,-0.10881786528923258
3601,3602,-0.10881789203573403
3602,3603,-0.10881791876692501
3603,3604,-0.1088179454828184
3604,3605,-0.10881797218342708
3605,3606,-0.10881799886876392
3606,3607,-0.10881802553884176
3607,3608,-0.10881805219367342
3608,3609,-0.10881807883327178
3609,3610,-0.10881810545764961
3610,3611,-0.1088181320668197
3611,3612,-0.10881815866079485
3612,3613,-0.10881818523958778
3613,3614,-0.1088182118032113
3614,3615,-0.10881823835167816
3615,3616,-0.10881826488500101
3616,3617,-0.1088182914031926
3617,3618,-0.10881831790626566
3618,3619,-0.10881834439423278
3619,3620,-0.10881837086710673
3620,3621,-0.10881839732490012
3621,3622,-0.10881842376762561
3622,3623,-0.10881845019529578
3623,3624,-0.10881847660792328
3624,3625,-0.10881850300552069
3625,3626,-0.10881852938810063
3626,3627,-0.10881855575567563
3627,3628,-0.10881858210825826
3628,3629,-0.10881860844586108
3629,3630,-0.10881863476849662
3630,3631,-0.10881866107617737
3631,3632,-0.10881868736891584
3632,3633,-0.10881871364672455
3633,3634,-0.10881873990961592
3634,3635,-0.10881876615760246
3635,3636,-0.10881879239069658
3636,3637,-0.10881881860891074
3637,3638,-0.10881884481225736
3638,3639,-0.10881887100074883
3639,3640,-0.10881889717439754
3640,3641,-0.10881892333321588
3641,3642,-0.10881894947721625
3642,3643,-0.10881897560641096
3643,3644,-0.10881900172081237
3644,3645,-0.10881902782043276
3645,3646,-0.1088190539052845
3646,3647,-0.10881907997537985
3647,3648,-0.10881910603073114
3648,3649,-0.10881913207135058
3649,3650,-0.10881915809725047
3650,3651,-0.10881918410844305
3651,3652,-0.10881921010494054
3652,3653,-0.10881923608675516
3653,3654,-0.10881926205389912
3654,3655,-0.10881928800638463
3655,3656,-0.10881931394422381
3656,3657,-0.10881933986742891
3657,3658,-0.108819365776012
3658,3659,-0.10881939166998528
3659,3660,-0.10881941754936084
3660,3661,-0.10881944341415078
3661,3662,-0.10881946926436724
3662,3663,-0.10881949510002227
3663,3664,-0.10881952092112797
3664,3665,-0.10881954672769639
3665,3666,-0.10881957251973956
3666,3667,-0.10881959829726952
3667,3668,-0.10881962406029831
3668,3669,-0.10881964980883793
3669,3670,-0.10881967554290035
3670,3671,-0.1088197012624976
3671,3672,-0.10881972696764158
3672,3673,-0.1088197526583443
3673,3674,-0.10881977833461765
3674,3675,-0.10881980399647363
3675,3676,-0.1088198296439241
3676,3677,-0.10881985527698097
3677,3678,-0.10881988089565615
3678,3679,-0.10881990649996152
3679,3680,-0.10881993208990891
3680,3681,-0.10881995766551023
3681,3682,-0.10881998322677723
3682,3683,-0.10882000877372183
3683,3684,-0.10882003430635577
3684,3685,-0.10882005982469092
3685,3686,-0.10882008532873902
3686,3687,-0.10882011081851183
3687,3688,-0.10882013629402112
3688,3689,-0.1088201617552787
3689,3690,-0.10882018720229623
3690,3691,-0.10882021263508548
3691,3692,-0.10882023805365813
3692,3693,-0.10882026345802592
3693,3694,-0.1088202888482005
3694,3695,-0.10882031422419353
3695,3696,-0.10882033958601671
3696,3697,-0.10882036493368169
3697,3698,-0.10882039026720006
3698,3699,-0.10882041558658348
3699,3700,-0.10882044089184358
3700,3701,-0.10882046618299189
3701,3702,-0.10882049146004005
3702,3703,-0.10882051672299962
3703,3704,-0.10882054197188218
3704,3705,-0.10882056720669923
3705,3706,-0.10882059242746234
3706,3707,-0.108820617634183
3707,3708,-0.10882064282687279
3708,3709,-0.10882066800554312
3709,3710,-0.10882069317020555
3710,3711,-0.10882071832087153
3711,3712,-0.1088207434575525
3712,3713,-0.10882076858025991
3713,3714,-0.10882079368900524
3714,3715,-0.10882081878379989
3715,3716,-0.10882084386465524
3716,3717,-0.10882086893158273
3717,3718,-0.10882089398459373
3718,3719,-0.10882091902369961
3719,3720,-0.10882094404891177
3720,3721,-0.10882096906024151
3721,3722,-0.10882099405770022
3722,3723,-0.10882101904129918
3723,3724,-0.10882104401104974
3724,3725,-0.10882106896696316
3725,3726,-0.1088210939090508
3726,3727,-0.10882111883732387
3727,3728,-0.10882114375179365
3728,3729,-0.10882116865247142
3729,3730,-0.10882119353936841
3730,3731,-0.10882121841249587
3731,3732,-0.10882124327186496
3732,3733,-0.10882126811748695
3733,3734,-0.10882129294937297
3734,3735,-0.10882131776753426
3735,3736,-0.10882134257198195
3736,3737,-0.10882136736272725
3737,3738,-0.10882139213978126
3738,3739,-0.10882141690315511
3739,3740,-0.10882144165285997
3740,3741,-0.1088214663889069
3741,3742,-0.10882149111130703
3742,3743,-0.10882151582007141
3743,3744,-0.10882154051521117
3744,3745,-0.10882156519673733
3745,3746,-0.10882158986466095
3746,3747,-0.1088216145189931
3747,3748,-0.10882163915974474
3748,3749,-0.10882166378692698
3749,3750,-0.10882168840055076
3750,3751,-0.10882171300062707
3751,3752,-0.1088217375871669
3752,3753,-0.10882176216018125
3753,3754,-0.10882178671968104
3754,3755,-0.10882181126567725
3755,3756,-0.10882183579818079
3756,3757,-0.10882186031720258
3757,3758,-0.10882188482275351
3758,3759,-0.10882190931484453
3759,3760,-0.10882193379348651
3760,3761,-0.10882195825869034
3761,3762,-0.10882198271046684
3762,3763,-0.10882200714882691
3763,3764,-0.10882203157378137
3764,3765,-0.10882205598534106
3765,3766,-0.10882208038351678
3766,3767,-0.10882210476831933
3767,3768,-0.10882212913975954
3768,3769,-0.1088221534978482
3769,3770,-0.10882217784259605
3770,3771,-0.10882220217401384
3771,3772,-0.10882222649211237
3772,3773,-0.10882225079690236
3773,3774,-0.10882227508839451
3774,3775,-0.10882229936659955
3775,3776,-0.1088223236315282
3776,3777,-0.10882234788319115
3777,3778,-0.10882237212159909
3778,3779,-0.10882239634676266
3779,3780,-0.10882242055869255
3780,3781,-0.1088224447573994
3781,3782,-0.10882246894289382
3782,3783,-0.10882249311518646
3783,3784,-0.10882251727428795
3784,3785,-0.10882254142020888
3785,3786,-0.10882256555295983
3786,3787,-0.10882258967255139
3787,3788,-0.10882261377899413
3788,3789,-0.10882263787229858
3789,3790,-0.10882266195247536
3790,3791,-0.10882268601953494
3791,3792,-0.10882271007348786
3792,3793,-0.10882273411434465
3793,3794,-0.1088227581421158
3794,3795,-0.1088227821568118
3795,3796,-0.10882280615844318
3796,3797,-0.10882283014702034
3797,3798,-0.10882285412255376
3798,3799,-0.1088228780850539
3799,3800,-0.1088229020345312
3800,3801,-0.10882292597099606
3801,3802,-0.10882294989445893
3802,3803,-0.10882297380493021
3803,3804,-0.10882299770242025
3804,3805,-0.10882302158693949
3805,3806,-0.10882304545849825
3806,3807,-0.10882306931710693
3807,3808,-0.10882309316277587
3808,3809,-0.10882311699551538
3809,3810,-0.10882314081533584
3810,3811,-0.10882316462224753
3811,3812,-0.10882318841626075
3812,3813,-0.1088232121973858
3813,3814,-0.10882323596563301
3814,3815,-0.1088232597210126
3815,3816,-0.10882328346353484
3816,3817,-0.10882330719321003
3817,3818,-0.10882333091004834
3818,3819,-0.10882335461406005
3819,3820,-0.10882337830525535
3820,3821,-0.10882340198364447
3821,3822,-0.10882342564923765
3822,3823,-0.10882344930204499
3823,3824,-0.1088234729420767
3824,3825,-0.108823496569343
3825,3826,-0.108823520183854
3826,3827,-0.10882354378561981
3827,3828,-0.10882356737465064
3828,3829,-0.10882359095095656
3829,3830,-0.1088236145145477
3830,3831,-0.10882363806543417
3831,3832,-0.10882366160362608
3832,3833,-0.10882368512913347
3833,3834,-0.10882370864196644
3834,3835,-0.10882373214213503
3835,3836,-0.10882375562964935
3836,3837,-0.10882377910451935
3837,3838,-0.10882380256675513
3838,3839,-0.10882382601636666
3839,3840,-0.10882384945336399
3840,3841,-0.10882387287775709
3841,3842,-0.10882389628955598
3842,3843,-0.10882391968877062
3843,3844,-0.10882394307541096
3844,3845,-0.10882396644948697
3845,3846,-0.10882398981100859
3846,3847,-0.10882401315998581
3847,3848,-0.10882403649642847
3848,3849,-0.10882405982034654
3849,3850,-0.1088240831317499
3850,3851,-0.10882410643064845
3851,3852,-0.10882412971705212
3852,3853,-0.10882415299097072
3853,3854,-0.10882417625241414
3854,3855,-0.10882419950139224
3855,3856,-0.10882422273791485
3856,3857,-0.10882424596199182
3857,3858,-0.10882426917363296
3858,3859,-0.10882429237284809
3859,3860,-0.10882431555964701
3860,3861,-0.10882433873403952
3861,3862,-0.10882436189603541
3862,3863,-0.10882438504564441
3863,3864,-0.10882440818287632
3864,3865,-0.10882443130774089
3865,3866,-0.10882445442024787
3866,3867,-0.10882447752040693
3867,3868,-0.10882450060822789
3868,3869,-0.10882452368372042
3869,3870,-0.10882454674689418
3870,3871,-0.10882456979775894
3871,3872,-0.10882459283632427
3872,3873,-0.10882461586259996
3873,3874,-0.1088246388765956
3874,3875,-0.10882466187832088
3875,3876,-0.10882468486778543
3876,3877,-0.10882470784499887
3877,3878,-0.10882473080997086
3878,3879,-0.10882475376271093
3879,3880,-0.10882477670322878
3880,3881,-0.10882479963153394
3881,3882,-0.10882482254763602
3882,3883,-0.10882484545154457
3883,3884,-0.10882486834326917
3884,3885,-0.10882489122281938
3885,3886,-0.10882491409020471
3886,3887,-0.10882493694543476
3887,3888,-0.10882495978851896
3888,3889,-0.1088249826194669
3889,3890,-0.10882500543828805
3890,3891,-0.1088250282449919
3891,3892,-0.10882505103958795
3892,3893,-0.10882507382208566
3893,3894,-0.10882509659249454
3894,3895,-0.10882511935082398
3895,3896,-0.10882514209708345
3896,3897,-0.10882516483128243
3897,3898,-0.10882518755343026
3898,3899,-0.1088252102635364
3899,3900,-0.1088252329616103
3900,3901,-0.10882525564766128
3901,3902,-0.1088252783216988
3902,3903,-0.10882530098373218
3903,3904,-0.10882532363377082
3904,3905,-0.10882534627182407
3905,3906,-0.10882536889790126
3906,3907,-0.10882539151201175
3907,3908,-0.10882541411416487
3908,3909,-0.10882543670436993
3909,3910,-0.10882545928263626
3910,3911,-0.10882548184897314
3911,3912,-0.10882550440338987
3912,3913,-0.10882552694589576
3913,3914,-0.10882554947650001
3914,3915,-0.10882557199521195
3915,3916,-0.10882559450204081
3916,3917,-0.10882561699699583
3917,3918,-0.10882563948008626
3918,3919,-0.1088256619513213
3919,3920,-0.10882568441071021
3920,3921,-0.10882570685826215
3921,3922,-0.10882572929398635
3922,3923,-0.10882575171789197
3923,3924,-0.10882577412998821
3924,3925,-0.10882579653028422
3925,3926,-0.10882581891878917
3926,3927,-0.10882584129551222
3927,3928,-0.10882586366046249
3928,3929,-0.10882588601364912
3929,3930,-0.10882590835508127
3930,3931,-0.10882593068476797
3931,3932,-0.1088259530027184
3932,3933,-0.10882597530894161
3933,3934,-0.10882599760344672
3934,3935,-0.10882601988624278
3935,3936,-0.10882604215733886
3936,3937,-0.10882606441674404
3937,3938,-0.10882608666446733
3938,3939,-0.1088261089005178
3939,3940,-0.10882613112490447
3940,3941,-0.10882615333763636
3941,3942,-0.10882617553872247
3942,3943,-0.10882619772817184
3943,3944,-0.1088262199059934
3944,3945,-0.1088262420721962
3945,3946,-0.10882626422678918
3946,3947,-0.1088262863697813
3947,3948,-0.10882630850118152
3948,3949,-0.10882633062099885
3949,3950,-0.10882635272924213
3950,3951,-0.10882637482592034
3951,3952,-0.10882639691104241
3952,3953,-0.10882641898461723
3953,3954,-0.10882644104665369
3954,3955,-0.10882646309716074
3955,3956,-0.1088264851361472
3956,3957,-0.108826507163622
3957,3958,-0.10882652917959397
3958,3959,-0.10882655118407197
3959,3960,-0.10882657317706484
3960,3961,-0.10882659515858145
3961,3962,-0.10882661712863062
3962,3963,-0.10882663908722115
3963,3964,-0.10882666103436191
3964,3965,-0.10882668297006164
3965,3966,-0.10882670489432915
3966,3967,-0.10882672680717323
3967,3968,-0.10882674870860269
3968,3969,-0.10882677059862626
3969,3970,-0.1088267924772527
3970,3971,-0.10882681434449078
3971,3972,-0.10882683620034925
3972,3973,-0.10882685804483681
3973,3974,-0.10882687987796219
3974,3975,-0.10882690169973412
3975,3976,-0.10882692351016131
3976,3977,-0.10882694530925244
3977,3978,-0.10882696709701623
3978,3979,-0.10882698887346132
3979,3980,-0.1088270106385964
3980,3981,-0.10882703239243015
3981,3982,-0.1088270541349712
3982,3983,-0.10882707586622818
3983,3984,-0.10882709758620981
3984,3985,-0.10882711929492461
3985,3986,-0.10882714099238126
3986,3987,-0.10882716267858837
3987,3988,-0.10882718435355453
3988,3989,-0.10882720601728832
3989,3990,-0.10882722766979834
3990,3991,-0.10882724931109317
3991,3992,-0.10882727094118139
3992,3993,-0.10882729256007151
3993,3994,-0.10882731416777215
3994,3995,-0.10882733576429178
3995,3996,-0.10882735734963898
3996,3997,-0.10882737892382227
3997,3998,-0.10882740048685013
3998,3999,-0.10882742203873115
3999,4000,-0.10882744357947371
4000,4001,-0.10882746510908642
4001,4002,-0.10882748662757767
4002,4003,-0.108827508134956
4003,4004,-0.10882752963122984
4004,4005,-0.10882755111640766
4005,4006,-0.10882757259049786
4006,4007,-0.10882759405350896
4007,4008,-0.10882761550544935
4008,4009,-0.10882763694632742
4009,4010,-0.10882765837615166
4010,4011,-0.10882767979493042
4011,4012,-0.1088277012026721
4012,4013,-0.10882772259938513
4013,4014,-0.10882774398507786
4014,4015,-0.10882776535975863
4015,4016,-0.10882778672343586
4016,4017,-0.10882780807611789
4017,4018,-0.10882782941781306
4018,4019,-0.1088278507485297
4019,4020,-0.10882787206827615
4020,4021,-0.10882789337706077
4021,4022,-0.1088279146748918
4022,4023,-0.10882793596177762
4023,4024,-0.10882795723772645
4024,4025,-0.10882797850274664
4025,4026,-0.10882799975684647
4026,4027,-0.10882802100003419
4027,4028,-0.10882804223231805
4028,4029,-0.10882806345370634
4029,4030,-0.10882808466420726
4030,4031,-0.10882810586382914
4031,4032,-0.10882812705258012
4032,4033,-0.10882814823046846
4033,4034,-0.1088281693975024
4034,4035,-0.1088281905536901
4035,4036,-0.10882821169903978
4036,4037,-0.10882823283355965
4037,4038,-0.10882825395725786
4038,4039,-0.1088282750701426
4039,4040,-0.10882829617222203
4040,4041,-0.10882831726350432
4041,4042,-0.10882833834399765
4042,4043,-0.10882835941371008
4043,4044,-0.1088283804726498
4044,4045,-0.10882840152082492
4045,4046,-0.10882842255824357
4046,4047,-0.10882844358491386
4047,4048,-0.1088284646008439
4048,4049,-0.10882848560604175
4049,4050,-0.10882850660051555
4050,4051,-0.10882852758427329
4051,4052,-0.10882854855732314
4052,4053,-0.1088285695196731
4053,4054,-0.10882859047133123
4054,4055,-0.1088286114123056
4055,4056,-0.10882863234260422
4056,4057,-0.10882865326223513
4057,4058,-0.10882867417120638
4058,4059,-0.10882869506952596
4059,4060,-0.10882871595720187
4060,4061,-0.10882873683424209
4061,4062,-0.10882875770065466
4062,4063,-0.10882877855644754
4063,4064,-0.1088287994016287
4064,4065,-0.10882882023620609
4065,4066,-0.10882884106018771
4066,4067,-0.10882886187358148
4067,4068,-0.10882888267639537
4068,4069,-0.10882890346863729
4069,4070,-0.10882892425031516
4070,4071,-0.1088289450214369
4071,4072,-0.10882896578201048
4072,4073,-0.10882898653204374
4073,4074,-0.10882900727154461
4074,4075,-0.10882902800052095
4075,4076,-0.10882904871898068
4076,4077,-0.10882906942693162
4077,4078,-0.1088290901243817
4078,4079,-0.10882911081133871
4079,4080,-0.10882913148781054
4080,4081,-0.10882915215380504
4081,4082,-0.10882917280933002
4082,4083,-0.10882919345439332
4083,4084,-0.10882921408900277
4084,4085,-0.10882923471316615
4085,4086,-0.10882925532689126
4086,4087,-0.10882927593018595
4087,4088,-0.10882929652305795
4088,4089,-0.10882931710551509
4089,4090,-0.10882933767756509
4090,4091,-0.10882935823921576
4091,4092,-0.10882937879047483
4092,4093,-0.10882939933135011
4093,4094,-0.10882941986184924
4094,4095,-0.10882944038198004
4095,4096,-0.1088294608917502
4096,4097,-0.10882948139116742
4097,4098,-0.10882950188023947
4098,4099,-0.10882952235897403
4099,4100,-0.10882954282737878
4100,4101,-0.10882956328546141
4101,4102,-0.10882958373322962
4102,4103,-0.1088296041706911
4103,4104,-0.10882962459785346
4104,4105,-0.10882964501472443
4105,4106,-0.1088296654213116
4106,4107,-0.10882968581762266
4107,4108,-0.10882970620366521
4108,4109,-0.1088297265794469
4109,4110,-0.10882974694497537
4110,4111,-0.10882976730025821
4111,4112,-0.108829787645303
4112,4113,-0.1088298079801174
4113,4114,-0.10882982830470898
4114,4115,-0.10882984861908533
4115,4116,-0.108829868923254
4116,4117,-0.10882988921722259
4117,4118,-0.10882990950099863
4118,4119,-0.1088299297745897
4119,4120,-0.10882995003800339
4120,4121,-0.10882997029124715
4121,4122,-0.1088299905343286
4122,4123,-0.10883001076725518
4123,4124,-0.1088300309900345
4124,4125,-0.10883005120267399
4125,4126,-0.10883007140518121
4126,4127,-0.10883009159756364
4127,4128,-0.10883011177982876
4128,4129,-0.10883013195198404
4129,4130,-0.10883015211403702
4130,4131,-0.10883017226599509
4131,4132,-0.10883019240786575
4132,4133,-0.10883021253965644
4133,4134,-0.10883023266137463
4134,4135,-0.10883025277302774
4135,4136,-0.10883027287462319
4136,4137,-0.10883029296616842
4137,4138,-0.10883031304767087
4138,4139,-0.1088303331191379
4139,4140,-0.10883035318057693
4140,4141,-0.10883037323199538
4141,4142,-0.10883039327340062
4142,4143,-0.10883041330480003
4143,4144,-0.108830433326201
4144,4145,-0.10883045333761086
4145,4146,-0.108830473339037
4146,4147,-0.10883049333048679
4147,4148,-0.10883051331196752
4148,4149,-0.10883053328348657
4149,4150,-0.10883055324505128
4150,4151,-0.10883057319666896
4151,4152,-0.10883059313834689
4152,4153,-0.10883061307009242
4153,4154,-0.10883063299191288
4154,4155,-0.10883065290381554
4155,4156,-0.10883067280580763
4156,4157,-0.10883069269789651
4157,4158,-0.10883071258008943
4158,4159,-0.10883073245239366
4159,4160,-0.10883075231481644
4160,4161,-0.10883077216736506
4161,4162,-0.10883079201004674
4162,4163,-0.10883081184286873
4163,4164,-0.10883083166583826
4164,4165,-0.10883085147896254
4165,4166,-0.10883087128224883
4166,4167,-0.10883089107570432
4167,4168,-0.1088309108593362
4168,4169,-0.10883093063315166
4169,4170,-0.10883095039715793
4170,4171,-0.10883097015136219
4171,4172,-0.10883098989577158
4172,4173,-0.1088310096303933
4173,4174,-0.10883102935523452
4174,4175,-0.10883104907030236
4175,4176,-0.10883106877560401
4176,4177,-0.10883108847114659
4177,4178,-0.10883110815693724
4178,4179,-0.10883112783298309
4179,4180,-0.10883114749929128
4180,4181,-0.10883116715586887
4181,4182,-0.10883118680272302
4182,4183,-0.10883120643986083
4183,4184,-0.10883122606728937
4184,4185,-0.10883124568501576
4185,4186,-0.10883126529304704
4186,4187,-0.10883128489139032
4187,4188,-0.10883130448005265
4188,4189,-0.1088313240590411
4189,4190,-0.10883134362836272
4190,4191,-0.10883136318802454
4191,4192,-0.10883138273803362
4192,4193,-0.10883140227839701
4193,4194,-0.10883142180912168
4194,4195,-0.10883144133021475
4195,4196,-0.10883146084168312
4196,4197,-0.10883148034353385
4197,4198,-0.10883149983577396
4198,4199,-0.10883151931841041
4199,4200,-0.1088315387914502
4200,4201,-0.1088315582549003
4201,4202,-0.10883157770876771
4202,4203,-0.10883159715305937
4203,4204,-0.10883161658778226
4204,4205,-0.10883163601294332
4205,4206,-0.10883165542854949
4206,4207,-0.10883167483460772
4207,4208,-0.10883169423112495
4208,4209,-0.1088317136181081
4209,4210,-0.10883173299556409
4210,4211,-0.10883175236349982
4211,4212,-0.10883177172192222
4212,4213,-0.10883179107083818
4213,4214,-0.10883181041025461
4214,4215,-0.10883182974017837
4215,4216,-0.10883184906061635
4216,4217,-0.10883186837157545
4217,4218,-0.10883188767306248
4218,4219,-0.10883190696508437
4219,4220,-0.1088319262476479
4220,4221,-0.10883194552075999
4221,4222,-0.10883196478442747
4222,4223,-0.10883198403865713
4223,4224,-0.10883200328345584
4224,4225,-0.10883202251883035
4225,4226,-0.10883204174478758
4226,4227,-0.10883206096133428
4227,4228,-0.10883208016847727
4228,4229,-0.10883209936622333
4229,4230,-0.10883211855457928
4230,4231,-0.10883213773355187
4231,4232,-0.10883215690314788
4232,4233,-0.1088321760633741
4233,4234,-0.10883219521423727
4234,4235,-0.10883221435574417
4235,4236,-0.10883223348790154
4236,4237,-0.10883225261071611
4237,4238,-0.10883227172419466
4238,4239,-0.10883229082834386
4239,4240,-0.10883230992317053
4240,4241,-0.1088323290086813
4241,4242,-0.10883234808488289
4242,4243,-0.10883236715178204
4243,4244,-0.10883238620938544
4244,4245,-0.1088324052576998
4245,4246,-0.10883242429673178
4246,4247,-0.10883244332648807
4247,4248,-0.10883246234697536
4248,4249,-0.10883248135820028
4249,4250,-0.1088325003601695
4250,4251,-0.10883251935288972
4251,4252,-0.10883253833636759
4252,4253,-0.10883255731060967
4253,4254,-0.10883257627562266
4254,4255,-0.10883259523141321
4255,4256,-0.1088326141779879
4256,4257,-0.10883263311535334
4257,4258,-0.10883265204351619
4258,4259,-0.10883267096248306
4259,4260,-0.10883268987226047
4260,4261,-0.10883270877285509
4261,4262,-0.10883272766427345
4262,4263,-0.10883274654652218
4263,4264,-0.10883276541960783
4264,4265,-0.10883278428353699
4265,4266,-0.1088328031383162
4266,4267,-0.10883282198395203
4267,4268,-0.10883284082045097
4268,4269,-0.10883285964781966
4269,4270,-0.10883287846606458
4270,4271,-0.10883289727519227
4271,4272,-0.10883291607520927
4272,4273,-0.10883293486612206
4273,4274,-0.10883295364793721
4274,4275,-0.10883297242066117
4275,4276,-0.10883299118430048
4276,4277,-0.1088330099388616
4277,4278,-0.10883302868435107
4278,4279,-0.1088330474207753
4279,4280,-0.10883306614814085
4280,4281,-0.1088330848664541
4281,4282,-0.10883310357572161
4282,4283,-0.10883312227594977
4283,4284,-0.10883314096714503
4284,4285,-0.1088331596493139
4285,4286,-0.10883317832246271
4286,4287,-0.108833196986598
4287,4288,-0.10883321564172613
4288,4289,-0.10883323428785359
4289,4290,-0.10883325292498673
4290,4291,-0.10883327155313195
4291,4292,-0.10883329017229573
4292,4293,-0.10883330878248441
4293,4294,-0.10883332738370441
4294,4295,-0.10883334597596209
4295,4296,-0.10883336455926383
4296,4297,-0.10883338313361601
4297,4298,-0.10883340169902501
4298,4299,-0.10883342025549718
4299,4300,-0.10883343880303888
4300,4301,-0.10883345734165648
4301,4302,-0.10883347587135625
4302,4303,-0.10883349439214463
4303,4304,-0.10883351290402786
4304,4305,-0.10883353140701234
4305,4306,-0.10883354990110433
4306,4307,-0.10883356838631016
4307,4308,-0.10883358686263618
4308,4309,-0.10883360533008865
4309,4310,-0.1088336237886739
4310,4311,-0.10883364223839817
4311,4312,-0.10883366067926777
4312,4313,-0.10883367911128901
4313,4314,-0.10883369753446812
4314,4315,-0.10883371594881137
4315,4316,-0.10883373435432504
4316,4317,-0.1088337527510154
4317,4318,-0.10883377113888865
4318,4319,-0.10883378951795104
4319,4320,-0.10883380788820889
4320,4321,-0.10883382624966835
4321,4322,-0.10883384460233565
4322,4323,-0.10883386294621705
4323,4324,-0.10883388128131874
4324,4325,-0.10883389960764692
4325,4326,-0.10883391792520783
4326,4327,-0.10883393623400761
4327,4328,-0.10883395453405251
4328,4329,-0.10883397282534868
4329,4330,-0.10883399110790233
4330,4331,-0.10883400938171958
4331,4332,-0.10883402764680666
4332,4333,-0.10883404590316971
4333,4334,-0.10883406415081485
4334,4335,-0.1088340823897483
4335,4336,-0.10883410061997616
4336,4337,-0.1088341188415046
4337,4338,-0.1088341370543397
4338,4339,-0.10883415525848766
4339,4340,-0.10883417345395453
4340,4341,-0.10883419164074651
4341,4342,-0.10883420981886961
4342,4343,-0.10883422798833003
4343,4344,-0.10883424614913383
4344,4345,-0.1088342643012871
4345,4346,-0.10883428244479597
4346,4347,-0.10883430057966643
4347,4348,-0.10883431870590467
4348,4349,-0.10883433682351665
4349,4350,-0.10883435493250854
4350,4351,-0.10883437303288636
4351,4352,-0.10883439112465612
4352,4353,-0.10883440920782396
4353,4354,-0.10883442728239584
4354,4355,-0.10883444534837786
4355,4356,-0.108834463405776
4356,4357,-0.10883448145459636
4357,4358,-0.10883449949484486
4358,4359,-0.1088345175265276
4359,4360,-0.10883453554965056
4360,4361,-0.10883455356421973
4361,4362,-0.10883457157024115
4362,4363,-0.10883458956772081
4363,4364,-0.10883460755666464
4364,4365,-0.10883462553707868
4365,4366,-0.10883464350896889
4366,4367,-0.10883466147234123
4367,4368,-0.10883467942720167
4368,4369,-0.1088346973735562
4369,4370,-0.10883471531141077
4370,4371,-0.1088347332407713
4371,4372,-0.10883475116164372
4372,4373,-0.10883476907403404
4373,4374,-0.10883478697794813
4374,4375,-0.10883480487339191
4375,4376,-0.10883482276037136
4376,4377,-0.10883484063889239
4377,4378,-0.10883485850896087
4378,4379,-0.1088348763705827
4379,4380,-0.10883489422376383
4380,4381,-0.10883491206851013
4381,4382,-0.1088349299048275
4382,4383,-0.10883494773272182
4383,4384,-0.10883496555219895
4384,4385,-0.10883498336326479
4385,4386,-0.1088350011659252
4386,4387,-0.10883501896018602
4387,4388,-0.10883503674605315
4388,4389,-0.10883505452353243
4389,4390,-0.10883507229262966
4390,4391,-0.10883509005335075
4391,4392,-0.1088351078057015
4392,4393,-0.10883512554968774
4393,4394,-0.10883514328531528
4394,4395,-0.10883516101259
4395,4396,-0.10883517873151763
4396,4397,-0.10883519644210407
4397,4398,-0.10883521414435504
4398,4399,-0.10883523183827642
4399,4400,-0.10883524952387393
4400,4401,-0.1088352672011534
4401,4402,-0.1088352848701206
4402,4403,-0.10883530253078129
4403,4404,-0.1088353201831413
4404,4405,-0.10883533782720634
4405,4406,-0.10883535546298218
4406,4407,-0.10883537309047459
4407,4408,-0.1088353907096893
4408,4409,-0.10883540832063211
4409,4410,-0.10883542592330868
4410,4411,-0.10883544351772483
4411,4412,-0.10883546110388624
4412,4413,-0.10883547868179862
4413,4414,-0.10883549625146775
4414,4415,-0.10883551381289931
4415,4416,-0.10883553136609898
4416,4417,-0.10883554891107249
4417,4418,-0.10883556644782556
4418,4419,-0.10883558397636386
4419,4420,-0.10883560149669307
4420,4421,-0.10883561900881888
4421,4422,-0.10883563651274698
4422,4423,-0.10883565400848307
4423,4424,-0.10883567149603275
4424,4425,-0.10883568897540172
4425,4426,-0.10883570644659564
4426,4427,-0.10883572390962018
4427,4428,-0.10883574136448092
4428,4429,-0.10883575881118358
4429,4430,-0.10883577624973373
4430,4431,-0.10883579368013707
4431,4432,-0.10883581110239918
4432,4433,-0.10883582851652565
4433,4434,-0.10883584592252221
4434,4435,-0.10883586332039435
4435,4436,-0.10883588071014774
4436,4437,-0.10883589809178798
4437,4438,-0.10883591546532063
4438,4439,-0.10883593283075131
4439,4440,-0.1088359501880856
4440,4441,-0.10883596753732909
4441,4442,-0.10883598487848735
4442,4443,-0.10883600221156593
4443,4444,-0.10883601953657042
4444,4445,-0.10883603685350636
4445,4446,-0.10883605416237933
4446,4447,-0.10883607146319489
4447,4448,-0.10883608875595853
4448,4449,-0.10883610604067585
4449,4450,-0.10883612331735235
4450,4451,-0.10883614058599356
4451,4452,-0.10883615784660501
4452,4453,-0.10883617509919224
4453,4454,-0.10883619234376077
4454,4455,-0.10883620958031606
4455,4456,-0.10883622680886365
4456,4457,-0.10883624402940904
4457,4458,-0.10883626124195774
4458,4459,-0.10883627844651521
4459,4460,-0.10883629564308694
4460,4461,-0.10883631283167843
4461,4462,-0.10883633001229513
4462,4463,-0.10883634718494256
4463,4464,-0.10883636434962611
4464,4465,-0.10883638150635132
4465,4466,-0.10883639865512357
4466,4467,-0.10883641579594837
4467,4468,-0.10883643292883115
4468,4469,-0.10883645005377732
4469,4470,-0.10883646717079234
4470,4471,-0.10883648427988168
4471,4472,-0.1088365013810507
4472,4473,-0.10883651847430485
4473,4474,-0.10883653555964956
4474,4475,-0.10883655263709022
4475,4476,-0.10883656970663226
4476,4477,-0.10883658676828102
4477,4478,-0.10883660382204201
4478,4479,-0.10883662086792051
4479,4480,-0.10883663790592198
4480,4481,-0.10883665493605174
4481,4482,-0.10883667195831521
4482,4483,-0.1088366889727178
4483,4484,-0.1088367059792648
4484,4485,-0.10883672297796161
4485,4486,-0.1088367399688136
4486,4487,-0.1088367569518261
4487,4488,-0.10883677392700447
4488,4489,-0.10883679089435404
4489,4490,-0.10883680785388017
4490,4491,-0.10883682480558818
4491,4492,-0.10883684174948341
4492,4493,-0.1088368586855712
4493,4494,-0.10883687561385681
4494,4495,-0.10883689253434561
4495,4496,-0.10883690944704293
4496,4497,-0.10883692635195401
4497,4498,-0.10883694324908415
4498,4499,-0.10883696013843873
4499,4500,-0.10883697702002296
4500,4501,-0.10883699389384217
4501,4502,-0.10883701075990161
4502,4503,-0.1088370276182066
4503,4504,-0.10883704446876236
4504,4505,-0.1088370613115742
4505,4506,-0.10883707814664735
4506,4507,-0.10883709497398711
4507,4508,-0.1088371117935987
4508,4509,-0.10883712860548737
4509,4510,-0.10883714540965839
4510,4511,-0.10883716220611697
4511,4512,-0.10883717899486835
4512,4513,-0.10883719577591779
4513,4514,-0.10883721254927048
4514,4515,-0.10883722931493164
4515,4516,-0.10883724607290651
4516,4517,-0.1088372628232003
4517,4518,-0.10883727956581819
4518,4519,-0.10883729630076544
4519,4520,-0.10883731302804715
4520,4521,-0.1088373297476686
4521,4522,-0.10883734645963496
4522,4523,-0.10883736316395136
4523,4524,-0.10883737986062306
4524,4525,-0.10883739654965516
4525,4526,-0.10883741323105289
4526,4527,-0.1088374299048214
4527,4528,-0.10883744657096583
4528,4529,-0.10883746322949132
4529,4530,-0.10883747988040308
4530,4531,-0.10883749652370621
4531,4532,-0.10883751315940587
4532,4533,-0.10883752978750721
4533,4534,-0.10883754640801532
4534,4535,-0.10883756302093539
4535,4536,-0.10883757962627247
4536,4537,-0.10883759622403175
4537,4538,-0.10883761281421828
4538,4539,-0.10883762939683722
4539,4540,-0.10883764597189367
4540,4541,-0.1088376625393927
4541,4542,-0.10883767909933947
4542,4543,-0.10883769565173898
4543,4544,-0.10883771219659638
4544,4545,-0.10883772873391677
4545,4546,-0.10883774526370517
4546,4547,-0.10883776178596667
4547,4548,-0.1088377783007064
4548,4549,-0.10883779480792935
4549,4550,-0.10883781130764057
4550,4551,-0.10883782779984519
4551,4552,-0.10883784428454824
4552,4553,-0.10883786076175472
4553,4554,-0.10883787723146972
4554,4555,-0.10883789369369827
4555,4556,-0.10883791014844538
4556,4557,-0.10883792659571613
4557,4558,-0.10883794303551547
4558,4559,-0.10883795946784848
4559,4560,-0.10883797589272015
4560,4561,-0.1088379923101355
4561,4562,-0.10883800872009952
4562,4563,-0.10883802512261727
4563,4564,-0.10883804151769366
4564,4565,-0.10883805790533374
4565,4566,-0.10883807428554251
4566,4567,-0.10883809065832492
4567,4568,-0.10883810702368596
4568,4569,-0.10883812338163064
4569,4570,-0.10883813973216383
4570,4571,-0.10883815607529064
4571,4572,-0.10883817241101594
4572,4573,-0.1088381887393447
4573,4574,-0.1088382050602819
4574,4575,-0.10883822137383248
4575,4576,-0.10883823768000134
4576,4577,-0.10883825397879347
4577,4578,-0.10883827027021384
4578,4579,-0.10883828655426732
4579,4580,-0.10883830283095886
4580,4581,-0.10883831910029337
4581,4582,-0.10883833536227577
4582,4583,-0.10883835161691102
4583,4584,-0.10883836786420398
4584,4585,-0.10883838410415955
4585,4586,-0.10883840033678269
4586,4587,-0.10883841656207824
4587,4588,-0.10883843278005113
4588,4589,-0.10883844899070623
4589,4590,-0.1088384651940484
4590,4591,-0.10883848139008259
4591,4592,-0.10883849757881363
4592,4593,-0.10883851376024638
4593,4594,-0.10883852993438575
4594,4595,-0.10883854610123656
4595,4596,-0.1088385622608037
4596,4597,-0.108838578413092
4597,4598,-0.10883859455810634
4598,4599,-0.10883861069585153
4599,4600,-0.10883862682633244
4600,4601,-0.10883864294955391
4601,4602,-0.10883865906552073
4602,4603,-0.1088386751742378
4603,4604,-0.1088386912757099
4604,4605,-0.10883870736994183
4605,4606,-0.10883872345693846
4606,4607,-0.10883873953670456
4607,4608,-0.10883875560924498
4608,4609,-0.10883877167456449
4609,4610,-0.10883878773266788
4610,4611,-0.10883880378355998
4611,4612,-0.10883881982724557
4612,4613,-0.10883883586372943
4613,4614,-0.10883885189301631
4614,4615,-0.10883886791511109
4615,4616,-0.10883888393001843
4616,4617,-0.10883889993774315
4617,4618,-0.10883891593829002
4618,4619,-0.10883893193166382
4619,4620,-0.10883894791786927
4620,4621,-0.10883896389691113
4621,4622,-0.10883897986879418
4622,4623,-0.1088389958335231
4623,4624,-0.10883901179110274
4624,4625,-0.10883902774153771
4625,4626,-0.10883904368483285
4626,4627,-0.10883905962099284
4627,4628,-0.10883907555002238
4628,4629,-0.10883909147192622
4629,4630,-0.10883910738670911
4630,4631,-0.10883912329437567
4631,4632,-0.10883913919493073
4632,4633,-0.10883915508837891
4633,4634,-0.1088391709747249
4634,4635,-0.10883918685397345
4635,4636,-0.10883920272612922
4636,4637,-0.10883921859119691
4637,4638,-0.10883923444918123
4638,4639,-0.10883925030008679
4639,4640,-0.10883926614391833
4640,4641,-0.10883928198068048
4641,4642,-0.1088392978103779
4642,4643,-0.10883931363301533
4643,4644,-0.10883932944859735
4644,4645,-0.10883934525712866
4645,4646,-0.10883936105861385
4646,4647,-0.10883937685305764
4647,4648,-0.10883939264046465
4648,4649,-0.10883940842083949
4649,4650,-0.10883942419418684
4650,4651,-0.1088394399605113
4651,4652,-0.10883945571981749
4652,4653,-0.10883947147211004
4653,4654,-0.10883948721739359
4654,4655,-0.10883950295567274
4655,4656,-0.10883951868695213
4656,4657,-0.10883953441123631
4657,4658,-0.10883955012852992
4658,4659,-0.10883956583883755
4659,4660,-0.10883958154216379
4660,4661,-0.10883959723851326
4661,4662,-0.10883961292789049
4662,4663,-0.10883962861030014
4663,4664,-0.1088396442857467
4664,4665,-0.10883965995423482
4665,4666,-0.10883967561576903
4666,4667,-0.10883969127035394
4667,4668,-0.10883970691799405
4668,4669,-0.10883972255869394
4669,4670,-0.10883973819245821
4670,4671,-0.10883975381929135
4671,4672,-0.10883976943919797
4672,4673,-0.10883978505218256
4673,4674,-0.10883980065824966
4674,4675,-0.10883981625740387
4675,4676,-0.10883983184964965
4676,4677,-0.10883984743499155
4677,4678,-0.10883986301343411
4678,4679,-0.10883987858498183
4679,4680,-0.10883989414963924
4680,4681,-0.10883990970741084
4681,4682,-0.10883992525830115
4682,4683,-0.10883994080231467
4683,4684,-0.1088399563394559
4684,4685,-0.10883997186972934
4685,4686,-0.10883998739313945
4686,4687,-0.10884000290969079
4687,4688,-0.10884001841938777
4688,4689,-0.10884003392223492
4689,4690,-0.10884004941823669
4690,4691,-0.10884006490739757
4691,4692,-0.10884008038972204
4692,4693,-0.10884009586521452
4693,4694,-0.10884011133387951
4694,4695,-0.10884012679572147
4695,4696,-0.10884014225074484
4696,4697,-0.1088401576989541
4697,4698,-0.10884017314035363
4698,4699,-0.10884018857494793
4699,4700,-0.10884020400274144
4700,4701,-0.10884021942373855
4701,4702,-0.10884023483794372
4702,4703,-0.10884025024536138
4703,4704,-0.10884026564599594
4704,4705,-0.10884028103985185
4705,4706,-0.10884029642693349
4706,4707,-0.10884031180724531
4707,4708,-0.10884032718079167
4708,4709,-0.10884034254757703
4709,4710,-0.10884035790760573
4710,4711,-0.1088403732608822
4711,4712,-0.10884038860741084
4712,4713,-0.10884040394719605
4713,4714,-0.10884041928024217
4714,4715,-0.10884043460655361
4715,4716,-0.10884044992613476
4716,4717,-0.10884046523898999
4717,4718,-0.10884048054512366
4718,4719,-0.10884049584454013
4719,4720,-0.10884051113724377
4720,4721,-0.10884052642323895
4721,4722,-0.10884054170253003
4722,4723,-0.10884055697512134
4723,4724,-0.10884057224101723
4724,4725,-0.10884058750022205
4725,4726,-0.10884060275274014
4726,4727,-0.10884061799857589
4727,4728,-0.10884063323773355
4728,4729,-0.10884064847021747
4729,4730,-0.10884066369603201
4730,4731,-0.10884067891518148
4731,4732,-0.1088406941276702
4732,4733,-0.10884070933350244
4733,4734,-0.10884072453268259
4734,4735,-0.10884073972521487
4735,4736,-0.10884075491110366
4736,4737,-0.10884077009035324
4737,4738,-0.10884078526296789
4738,4739,-0.10884080042895192
4739,4740,-0.10884081558830958
4740,4741,-0.1088408307410452
4741,4742,-0.10884084588716303
4742,4743,-0.10884086102666737
4743,4744,-0.1088408761595625
4744,4745,-0.1088408912858527
4745,4746,-0.1088409064055422
4746,4747,-0.10884092151863528
4747,4748,-0.10884093662513619
4748,4749,-0.10884095172504922
4749,4750,-0.1088409668183786
4750,4751,-0.10884098190512857
4751,4752,-0.10884099698530338
4752,4753,-0.1088410120589073
4753,4754,-0.10884102712594454
4754,4755,-0.10884104218641932
4755,4756,-0.10884105724033594
4756,4757,-0.10884107228769853
4757,4758,-0.10884108732851139
4758,4759,-0.1088411023627787
4759,4760,-0.1088411173905047
4760,4761,-0.10884113241169362
4761,4762,-0.10884114742634961
4762,4763,-0.10884116243447693
4763,4764,-0.10884117743607974
4764,4765,-0.10884119243116229
4765,4766,-0.10884120741972872
4766,4767,-0.10884122240178326
4767,4768,-0.10884123737733009
4768,4769,-0.1088412523463734
4769,4770,-0.10884126730891736
4770,4771,-0.10884128226496614
4771,4772,-0.10884129721452396
4772,4773,-0.10884131215759492
4773,4774,-0.10884132709418322
4774,4775,-0.10884134202429305
4775,4776,-0.10884135694792853
4776,4777,-0.10884137186509384
4777,4778,-0.10884138677579312
4778,4779,-0.10884140168003052
4779,4780,-0.1088414165778102
4780,4781,-0.1088414314691363
4781,4782,-0.10884144635401294
4782,4783,-0.10884146123244427
4783,4784,-0.10884147610443443
4784,4785,-0.1088414909699875
4785,4786,-0.1088415058291077
4786,4787,-0.10884152068179906
4787,4788,-0.10884153552806575
4788,4789,-0.10884155036791182
4789,4790,-0.10884156520134147
4790,4791,-0.10884158002835877
4791,4792,-0.1088415948489678
4792,4793,-0.10884160966317268
4793,4794,-0.10884162447097752
4794,4795,-0.1088416392723864
4795,4796,-0.10884165406740337
4796,4797,-0.10884166885603261
4797,4798,-0.10884168363827812
4798,4799,-0.10884169841414403
4799,4800,-0.10884171318363438
4800,4801,-0.10884172794675329
4801,4802,-0.10884174270350477
4802,4803,-0.1088417574538929
4803,4804,-0.1088417721979218
4804,4805,-0.10884178693559544
4805,4806,-0.10884180166691794
4806,4807,-0.10884181639189337
4807,4808,-0.10884183111052571
4808,4809,-0.10884184582281906
4809,4810,-0.10884186052877744
4810,4811,-0.10884187522840487
4811,4812,-0.1088418899217054
4812,4813,-0.10884190460868311
4813,4814,-0.10884191928934196
4814,4815,-0.10884193396368601
4815,4816,-0.10884194863171928
4816,4817,-0.10884196329344577
4817,4818,-0.10884197794886952
4818,4819,-0.10884199259799453
4819,4820,-0.1088420072408248
4820,4821,-0.10884202187736434
4821,4822,-0.10884203650761715
4822,4823,-0.10884205113158725
4823,4824,-0.10884206574927861
4824,4825,-0.10884208036069522
4825,4826,-0.1088420949658411
4826,4827,-0.10884210956472021
4827,4828,-0.1088421241573365
4828,4829,-0.10884213874369403
4829,4830,-0.1088421533237967
4830,4831,-0.1088421678976485
4831,4832,-0.10884218246525343
4832,4833,-0.10884219702661542
4833,4834,-0.10884221158173846
4834,4835,-0.10884222613062648
4835,4836,-0.10884224067328341
4836,4837,-0.10884225520971332
4837,4838,-0.10884226973991999
4838,4839,-0.1088422842639075
4839,4840,-0.10884229878167974
4840,4841,-0.10884231329324064
4841,4842,-0.10884232779859417
4842,4843,-0.1088423422977442
4843,4844,-0.10884235679069472
4844,4845,-0.10884237127744964
4845,4846,-0.10884238575801287
4846,4847,-0.10884240023238834
4847,4848,-0.10884241470057991
4848,4849,-0.10884242916259161
4849,4850,-0.10884244361842725
4850,4851,-0.10884245806809076
4851,4852,-0.10884247251158606
4852,4853,-0.10884248694891703
4853,4854,-0.10884250138008757
4854,4855,-0.10884251580510158
4855,4856,-0.10884253022396294
4856,4857,-0.10884254463667556
4857,4858,-0.10884255904324328
4858,4859,-0.10884257344367002
4859,4860,-0.10884258783795962
4860,4861,-0.108842602226116
4861,4862,-0.10884261660814297
4862,4863,-0.10884263098404447
4863,4864,-0.10884264535382429
4864,4865,-0.10884265971748634
4865,4866,-0.10884267407503447
4866,4867,-0.1088426884264725
4867,4868,-0.10884270277180433
4868,4869,-0.10884271711103377
4869,4870,-0.10884273144416468
4870,4871,-0.10884274577120091
4871,4872,-0.10884276009214627
4872,4873,-0.10884277440700461
4873,4874,-0.10884278871577978
4874,4875,-0.10884280301847557
4875,4876,-0.10884281731509586
4876,4877,-0.10884283160564441
4877,4878,-0.10884284589012509
4878,4879,-0.10884286016854167
4879,4880,-0.108842874440898
4880,4881,-0.10884288870719788
4881,4882,-0.10884290296744507
4882,4883,-0.10884291722164346
4883,4884,-0.10884293146979677
4884,4885,-0.10884294571190885
4885,4886,-0.10884295994798347
4886,4887,-0.10884297417802442
4887,4888,-0.1088429884020355
4888,4889,-0.1088430026200205
4889,4890,-0.10884301683198316
4890,4891,-0.1088430310379273
4891,4892,-0.10884304523785668
4892,4893,-0.10884305943177508
4893,4894,-0.10884307361968625
4894,4895,-0.10884308780159395
4895,4896,-0.10884310197750197
4896,4897,-0.10884311614741404
4897,4898,-0.10884313031133397
4898,4899,-0.10884314446926543
4899,4900,-0.10884315862121226
4900,4901,-0.10884317276717813
4901,4902,-0.10884318690716684
4902,4903,-0.1088432010411821
4903,4904,-0.10884321516922764
4904,4905,-0.10884322929130721
4905,4906,-0.10884324340742456
4906,4907,-0.10884325751758338
4907,4908,-0.10884327162178743
4908,4909,-0.1088432857200404
4909,4910,-0.108843299812346
4910,4911,-0.10884331389870802
4911,4912,-0.1088433279791301
4912,4913,-0.10884334205361597
4913,4914,-0.10884335612216932
4914,4915,-0.10884337018479391
4915,4916,-0.1088433842414934
4916,4917,-0.10884339829227146
4917,4918,-0.10884341233713185
4918,4919,-0.10884342637607822
4919,4920,-0.10884344040911424
4920,4921,-0.10884345443624366
4921,4922,-0.10884346845747009
4922,4923,-0.10884348247279726
4923,4924,-0.10884349648222882
4924,4925,-0.10884351048576849
4925,4926,-0.10884352448341986
4926,4927,-0.10884353847518664
4927,4928,-0.10884355246107252
4928,4929,-0.1088435664410811
4929,4930,-0.10884358041521609
4930,4931,-0.10884359438348115
4931,4932,-0.1088436083458799
4932,4933,-0.108843622302416
4933,4934,-0.10884363625309311
4934,4935,-0.10884365019791482
4935,4936,-0.10884366413688486
4936,4937,-0.10884367807000676
4937,4938,-0.10884369199728426
4938,4939,-0.10884370591872093
4939,4940,-0.10884371983432042
4940,4941,-0.10884373374408633
4941,4942,-0.10884374764802232
4942,4943,-0.10884376154613197
4943,4944,-0.10884377543841893
4944,4945,-0.10884378932488678
4945,4946,-0.10884380320553917
4946,4947,-0.10884381708037967
4947,4948,-0.1088438309494119
4948,4949,-0.10884384481263946
4949,4950,-0.10884385867006599
4950,4951,-0.10884387252169501
4951,4952,-0.10884388636753017
4952,4953,-0.10884390020757503
4953,4954,-0.10884391404183318
4954,4955,-0.10884392787030825
4955,4956,-0.10884394169300374
4956,4957,-0.10884395550992326
4957,4958,-0.10884396932107043
4958,4959,-0.1088439831264488
4959,4960,-0.10884399692606189
4960,4961,-0.10884401071991331
4961,4962,-0.10884402450800662
4962,4963,-0.1088440382903454
4963,4964,-0.10884405206693316
4964,4965,-0.1088440658377735
4965,4966,-0.10884407960286992
4966,4967,-0.10884409336222604
4967,4968,-0.10884410711584536
4968,4969,-0.10884412086373142
4969,4970,-0.10884413460588775
4970,4971,-0.10884414834231795
4971,4972,-0.1088441620730255
4972,4973,-0.10884417579801393
4973,4974,-0.1088441895172868
4974,4975,-0.10884420323084762
4975,4976,-0.1088442169386999
4976,4977,-0.1088442306408472
4977,4978,-0.10884424433729298
4978,4979,-0.1088442580280408
4979,4980,-0.10884427171309417
4980,4981,-0.10884428539245657
4981,4982,-0.10884429906613152
4982,4983,-0.10884431273412251
4983,4984,-0.1088443263964331
4984,4985,-0.1088443400530667
4985,4986,-0.10884435370402687
4986,4987,-0.10884436734931707
4987,4988,-0.1088443809889408
4988,4989,-0.10884439462290155
4989,4990,-0.10884440825120277
4990,4991,-0.10884442187384798
4991,4992,-0.10884443549084065
4992,4993,-0.10884444910218426
4993,4994,-0.10884446270788226
4994,4995,-0.10884447630793813
4995,4996,-0.10884448990235533
4996,4997,-0.1088445034911373
4997,4998,-0.10884451707428759
4998,4999,-0.10884453065180957
4999,5000,-0.10884454422370672
5000,5001,-0.10884455778998252
5001,5002,-0.10884457135064038
5002,5003,-0.10884458490568374
5003,5004,-0.1088445984551161
5004,5005,-0.10884461199894085
5005,5006,-0.10884462553716144
5006,5007,-0.10884463906978133
5007,5008,-0.10884465259680391
5008,5009,-0.10884466611823264
5009,5010,-0.10884467963407093
5010,5011,-0.10884469314432224
5011,5012,-0.10884470664898994
5012,5013,-0.1088447201480775
5013,5014,-0.1088447336415883
5014,5015,-0.10884474712952576
5015,5016,-0.1088447606118933
5016,5017,-0.10884477408869432
5017,5018,-0.10884478755993222
5018,5019,-0.10884480102561042
5019,5020,-0.10884481448573231
5020,5021,-0.10884482794030127
5021,5022,-0.10884484138932075
5022,5023,-0.10884485483279406
5023,5024,-0.10884486827072465
5024,5025,-0.10884488170311588
5025,5026,-0.10884489512997116
5026,5027,-0.10884490855129382
5027,5028,-0.10884492196708727
5028,5029,-0.10884493537735489
5029,5030,-0.10884494878210005
5030,5031,-0.10884496218132611
5031,5032,-0.10884497557503646
5032,5033,-0.10884498896323441
5033,5034,-0.10884500234592337
5034,5035,-0.10884501572310669
5035,5036,-0.10884502909478772
5036,5037,-0.10884504246096981
5037,5038,-0.10884505582165632
5038,5039,-0.10884506917685058
5039,5040,-0.10884508252655596
5040,5041,-0.1088450958707758
5041,5042,-0.1088451092095134
5042,5043,-0.10884512254277215
5043,5044,-0.10884513587055535
5044,5045,-0.10884514919286635
5045,5046,-0.10884516250970847
5046,5047,-0.10884517582108506
5047,5048,-0.10884518912699939
5048,5049,-0.10884520242745484
5049,5050,-0.10884521572245467
5050,5051,-0.10884522901200226
5051,5052,-0.10884524229610087
5052,5053,-0.10884525557475383
5053,5054,-0.10884526884796446
5054,5055,-0.10884528211573606
5055,5056,-0.10884529537807192
5056,5057,-0.10884530863497534
5057,5058,-0.10884532188644962
5058,5059,-0.10884533513249806
5059,5060,-0.10884534837312397
5060,5061,-0.10884536160833058
5061,5062,-0.10884537483812126
5062,5063,-0.1088453880624992
5063,5064,-0.10884540128146777
5064,5065,-0.1088454144950302
5065,5066,-0.10884542770318976
5066,5067,-0.10884544090594978
5067,5068,-0.10884545410331345
5068,5069,-0.10884546729528409
5069,5070,-0.10884548048186496
5070,5071,-0.1088454936630593
5071,5072,-0.1088455068388704
5072,5073,-0.10884552000930148
5073,5074,-0.10884553317435584
5074,5075,-0.10884554633403673
5075,5076,-0.10884555948834736
5076,5077,-0.10884557263729103
5077,5078,-0.10884558578087089
5078,5079,-0.10884559891909032
5079,5080,-0.10884561205195245
5080,5081,-0.10884562517946056
5081,5082,-0.10884563830161788
5082,5083,-0.10884565141842761
5083,5084,-0.10884566452989304
5084,5085,-0.10884567763601735
5085,5086,-0.1088456907368038
5086,5087,-0.1088457038322556
5087,5088,-0.1088457169223759
5088,5089,-0.10884573000716803
5089,5090,-0.10884574308663514
5090,5091,-0.10884575616078046
5091,5092,-0.10884576922960716
5092,5093,-0.1088457822931185
5093,5094,-0.10884579535131765
5094,5095,-0.10884580840420784
5095,5096,-0.10884582145179224
5096,5097,-0.10884583449407405
5097,5098,-0.10884584753105646
5098,5099,-0.1088458605627427
5099,5100,-0.1088458735891359
5100,5101,-0.10884588661023926
5101,5102,-0.10884589962605604
5102,5103,-0.10884591263658931
5103,5104,-0.10884592564184231
5104,5105,-0.1088459386418182
5105,5106,-0.10884595163652015
5106,5107,-0.10884596462595134
5107,5108,-0.10884597761011494
5108,5109,-0.10884599058901413
5109,5110,-0.108846003562652
5110,5111,-0.10884601653103182
5111,5112,-0.10884602949415664
5112,5113,-0.10884604245202968
5113,5114,-0.10884605540465411
5114,5115,-0.10884606835203303
5115,5116,-0.10884608129416963
5116,5117,-0.10884609423106702
5117,5118,-0.10884610716272834
5118,5119,-0.10884612008915676
5119,5120,-0.10884613301035542
5120,5121,-0.10884614592632742
5121,5122,-0.10884615883707592
5122,5123,-0.10884617174260407
5123,5124,-0.10884618464291496
5124,5125,-0.10884619753801171
5125,5126,-0.1088462104278975
5126,5127,-0.10884622331257537
5127,5128,-0.10884623619204854
5128,5129,-0.10884624906632002
5129,5130,-0.10884626193539297
5130,5131,-0.10884627479927053
5131,5132,-0.10884628765795576
5132,5133,-0.10884630051145179
5133,5134,-0.10884631335976173
5134,5135,-0.10884632620288867
5135,5136,-0.10884633904083571
5136,5137,-0.10884635187360596
5137,5138,-0.10884636470120247
5138,5139,-0.10884637752362837
5139,5140,-0.10884639034088672
5140,5141,-0.10884640315298068
5141,5142,-0.10884641595991325
5142,5143,-0.10884642876168753
5143,5144,-0.10884644155830663
5144,5145,-0.10884645434977361
5145,5146,-0.1088464671360915
5146,5147,-0.10884647991726344
5147,5148,-0.1088464926932925
5148,5149,-0.1088465054641817
5149,5150,-0.10884651822993412
5150,5151,-0.10884653099055283
5151,5152,-0.10884654374604089
5152,5153,-0.10884655649640135
5153,5154,-0.10884656924163726
5154,5155,-0.1088465819817517
5155,5156,-0.10884659471674768
5156,5157,-0.10884660744662829
5157,5158,-0.10884662017139654
5158,5159,-0.10884663289105549
5159,5160,-0.10884664560560818
5160,5161,-0.10884665831505766
5161,5162,-0.10884667101940695
5162,5163,-0.10884668371865905
5163,5164,-0.10884669641281705
5164,5165,-0.10884670910188397
5165,5166,-0.10884672178586281
5166,5167,-0.10884673446475661
5167,5168,-0.10884674713856839
5168,5169,-0.10884675980730114
5169,5170,-0.10884677247095792
5170,5171,-0.1088467851295417
5171,5172,-0.10884679778305556
5172,5173,-0.10884681043150245
5173,5174,-0.10884682307488538
5174,5175,-0.10884683571320738
5175,5176,-0.10884684834647146
5176,5177,-0.10884686097468059
5177,5178,-0.10884687359783779
5178,5179,-0.10884688621594606
5179,5180,-0.10884689882900835
5180,5181,-0.10884691143702768
5181,5182,-0.10884692404000706
5182,5183,-0.10884693663794945
5183,5184,-0.10884694923085783
5184,5185,-0.1088469618187352
5185,5186,-0.10884697440158451
5186,5187,-0.10884698697940878
5187,5188,-0.10884699955221093
5188,5189,-0.108847012119994
5189,5190,-0.10884702468276089
5190,5191,-0.10884703724051464
5191,5192,-0.10884704979325811
5192,5193,-0.1088470623409944
5193,5194,-0.10884707488372634
5194,5195,-0.10884708742145699
5195,5196,-0.10884709995418926
5196,5197,-0.10884711248192612
5197,5198,-0.10884712500467045
5198,5199,-0.10884713752242528
5199,5200,-0.10884715003519355
5200,5201,-0.10884716254297819
5201,5202,-0.10884717504578213
5202,5203,-0.10884718754360834
5203,5204,-0.1088472000364597
5204,5205,-0.1088472125243392
5205,5206,-0.10884722500724975
5206,5207,-0.1088472374851943
5207,5208,-0.10884724995817574
5208,5209,-0.10884726242619704
5209,5210,-0.1088472748892611
5210,5211,-0.10884728734737084
5211,5212,-0.10884729980052921
5212,5213,-0.10884731224873909
5213,5214,-0.1088473246920034
5214,5215,-0.10884733713032503
5215,5216,-0.10884734956370694
5216,5217,-0.10884736199215203
5217,5218,-0.10884737441566322
5218,5219,-0.10884738683424335
5219,5220,-0.10884739924789535
5220,5221,-0.10884741165662212
5221,5222,-0.1088474240604266
5222,5223,-0.10884743645931162
5223,5224,-0.1088474488532801
5224,5225,-0.10884746124233494
5225,5226,-0.10884747362647902
5226,5227,-0.1088474860057152
5227,5228,-0.10884749838004641
5228,5229,-0.10884751074947549
5229,5230,-0.10884752311400532
5230,5231,-0.10884753547363882
5231,5232,-0.10884754782837881
5232,5233,-0.10884756017822822
5233,5234,-0.10884757252318987
5234,5235,-0.10884758486326664
5235,5236,-0.1088475971984614
5236,5237,-0.108847609528777
5237,5238,-0.10884762185421633
5238,5239,-0.10884763417478223
5239,5240,-0.10884764649047757
5240,5241,-0.10884765880130517
5241,5242,-0.10884767110726791
5242,5243,-0.10884768340836863
5243,5244,-0.1088476957046102
5244,5245,-0.10884770799599544
5245,5246,-0.10884772028252719
5246,5247,-0.10884773256420831
5247,5248,-0.10884774484104164
5248,5249,-0.10884775711303
5249,5250,-0.10884776938017622
5250,5251,-0.10884778164248314
5251,5252,-0.10884779389995362
5252,5253,-0.10884780615259045
5253,5254,-0.10884781840039644
5254,5255,-0.10884783064337446
5255,5256,-0.10884784288152732
5256,5257,-0.10884785511485781
5257,5258,-0.10884786734336878
5258,5259,-0.10884787956706304
5259,5260,-0.10884789178594337
5260,5261,-0.10884790400001264
5261,5262,-0.1088479162092736
5262,5263,-0.10884792841372908
5263,5264,-0.10884794061338189
5264,5265,-0.10884795280823482
5265,5266,-0.10884796499829068
5266,5267,-0.10884797718355223
5267,5268,-0.10884798936402233
5268,5269,-0.10884800153970373
5269,5270,-0.10884801371059923
5270,5271,-0.10884802587671163
5271,5272,-0.10884803803804369
5272,5273,-0.10884805019459823
5273,5274,-0.10884806234637799
5274,5275,-0.10884807449338578
5275,5276,-0.10884808663562437
5276,5277,-0.10884809877309654
5277,5278,-0.10884811090580505
5278,5279,-0.1088481230337527
5279,5280,-0.10884813515694225
5280,5281,-0.10884814727537644
5281,5282,-0.10884815938905806
5282,5283,-0.10884817149798987
5283,5284,-0.10884818360217462
5284,5285,-0.10884819570161508
5285,5286,-0.108848207796314
5286,5287,-0.10884821988627416
5287,5288,-0.10884823197149829
5288,5289,-0.1088482440519891
5289,5290,-0.10884825612774941
5290,5291,-0.10884826819878195
5291,5292,-0.10884828026508944
5292,5293,-0.10884829232667462
5293,5294,-0.10884830438354025
5294,5295,-0.10884831643568905
5295,5296,-0.10884832848312379
5296,5297,-0.10884834052584715
5297,5298,-0.10884835256386192
5298,5299,-0.10884836459717077
5299,5300,-0.1088483766257765
5300,5301,-0.10884838864968176
5301,5302,-0.1088484006688893
5302,5303,-0.10884841268340187
5303,5304,-0.10884842469322216
5304,5305,-0.10884843669835288
5305,5306,-0.10884844869879676
5306,5307,-0.1088484606945565
5307,5308,-0.10884847268563486
5308,5309,-0.10884848467203449
5309,5310,-0.10884849665375809
5310,5311,-0.1088485086308084
5311,5312,-0.10884852060318813
5312,5313,-0.10884853257089994
5313,5314,-0.10884854453394657
5314,5315,-0.10884855649233068
5315,5316,-0.10884856844605502
5316,5317,-0.10884858039512219
5317,5318,-0.10884859233953498
5318,5319,-0.108848604279296
5319,5320,-0.10884861621440799
5320,5321,-0.10884862814487357
5321,5322,-0.1088486400706955
5322,5323,-0.1088486519918764
5323,5324,-0.108848663908419
5324,5325,-0.10884867582032594
5325,5326,-0.10884868772759987
5326,5327,-0.1088486996302435
5327,5328,-0.10884871152825949
5328,5329,-0.10884872342165051
5329,5330,-0.10884873531041923
5330,5331,-0.1088487471945683
5331,5332,-0.1088487590741004
5332,5333,-0.10884877094901815
5333,5334,-0.10884878281932427
5334,5335,-0.10884879468502136
5335,5336,-0.10884880654611209
5336,5337,-0.10884881840259909
5337,5338,-0.10884883025448508
5338,5339,-0.10884884210177263
5339,5340,-0.10884885394446445
5340,5341,-0.10884886578256311
5341,5342,-0.10884887761607133
5342,5343,-0.10884888944499166
5343,5344,-0.10884890126932685
5344,5345,-0.1088489130890794
5345,5346,-0.10884892490425206
5346,5347,-0.1088489367148474
5347,5348,-0.10884894852086809
5348,5349,-0.10884896032231672
5349,5350,-0.1088489721191959
5350,5351,-0.10884898391150832
5351,5352,-0.10884899569925653
5352,5353,-0.1088490074824432
5353,5354,-0.10884901926107093
5354,5355,-0.10884903103514235
5355,5356,-0.10884904280466003
5356,5357,-0.10884905456962658
5357,5358,-0.10884906633004468
5358,5359,-0.10884907808591689
5359,5360,-0.10884908983724581
5360,5361,-0.10884910158403409
5361,5362,-0.10884911332628423
5362,5363,-0.10884912506399894
5363,5364,-0.10884913679718076
5364,5365,-0.10884914852583229
5365,5366,-0.10884916024995614
5366,5367,-0.10884917196955489
5367,5368,-0.10884918368463113
5368,5369,-0.10884919539518746
5369,5370,-0.10884920710122645
5370,5371,-0.1088492188027507
5371,5372,-0.10884923049976275
5372,5373,-0.10884924219226523
5373,5374,-0.1088492538802607
5374,5375,-0.10884926556375171
5375,5376,-0.10884927724274089
5376,5377,-0.10884928891723075
5377,5378,-0.1088493005872239
5378,5379,-0.10884931225272292
5379,5380,-0.10884932391373035
5380,5381,-0.10884933557024874
5381,5382,-0.10884934722228068
5382,5383,-0.10884935886982872
5383,5384,-0.10884937051289542
5384,5385,-0.10884938215148333
5385,5386,-0.10884939378559502
5386,5387,-0.10884940541523304
5387,5388,-0.10884941704039991
5388,5389,-0.1088494286610982
5389,5390,-0.1088494402773305
5390,5391,-0.10884945188909928
5391,5392,-0.10884946349640713
5392,5393,-0.10884947509925658
5393,5394,-0.10884948669765016
5394,5395,-0.10884949829159044
5395,5396,-0.10884950988107989
5396,5397,-0.10884952146612113
5397,5398,-0.1088495330467166
5398,5399,-0.10884954462286889
5399,5400,-0.10884955619458053
5400,5401,-0.10884956776185402
5401,5402,-0.1088495793246919
5402,5403,-0.10884959088309668
5403,5404,-0.10884960243707087
5404,5405,-0.10884961398661704
5405,5406,-0.10884962553173763
5406,5407,-0.10884963707243521
5407,5408,-0.10884964860871228
5408,5409,-0.10884966014057136
5409,5410,-0.10884967166801492
5410,5411,-0.1088496831910455
5411,5412,-0.10884969470966561
5412,5413,-0.10884970622387773
5413,5414,-0.10884971773368439
5414,5415,-0.10884972923908806
5415,5416,-0.10884974074009124
5416,5417,-0.10884975223669643
5417,5418,-0.10884976372890617
5418,5419,-0.10884977521672287
5419,5420,-0.1088497867001491
5420,5421,-0.10884979817918727
5421,5422,-0.10884980965383993
5422,5423,-0.10884982112410953
5423,5424,-0.10884983258999857
5424,5425,-0.1088498440515095
5425,5426,-0.10884985550864487
5426,5427,-0.10884986696140708
5427,5428,-0.10884987840979864
5428,5429,-0.10884988985382202
5429,5430,-0.10884990129347968
5430,5431,-0.1088499127287741
5431,5432,-0.10884992415970773
5432,5433,-0.10884993558628307
5433,5434,-0.10884994700850256
5434,5435,-0.1088499584263687
5435,5436,-0.1088499698398839
5436,5437,-0.10884998124905063
5437,5438,-0.10884999265387137
5438,5439,-0.10885000405434853
5439,5440,-0.10885001545048463
5440,5441,-0.10885002684228205
5441,5442,-0.10885003822974329
5442,5443,-0.10885004961287077
5443,5444,-0.10885006099166697
5444,5445,-0.10885007236613428
5445,5446,-0.10885008373627518
5446,5447,-0.1088500951020921
5447,5448,-0.1088501064635875
5448,5449,-0.10885011782076379
5449,5450,-0.1088501291736234
5450,5451,-0.10885014052216879
5451,5452,-0.10885015186640237
5452,5453,-0.10885016320632658
5453,5454,-0.10885017454194383
5454,5455,-0.10885018587325655
5455,5456,-0.10885019720026722
5456,5457,-0.10885020852297816
5457,5458,-0.10885021984139187
5458,5459,-0.10885023115551075
5459,5460,-0.10885024246533721
5460,5461,-0.10885025377087365
5461,5462,-0.1088502650721225
5462,5463,-0.10885027636908617
5463,5464,-0.10885028766176709
5464,5465,-0.10885029895016764
5465,5466,-0.10885031023429022
5466,5467,-0.10885032151413725
5467,5468,-0.10885033278971111
5468,5469,-0.10885034406101424
5469,5470,-0.10885035532804903
5470,5471,-0.10885036659081786
5471,5472,-0.10885037784932311
5472,5473,-0.10885038910356723
5473,5474,-0.10885040035355255
5474,5475,-0.10885041159928148
5475,5476,-0.10885042284075641
5476,5477,-0.10885043407797977
5477,5478,-0.10885044531095386
5478,5479,-0.10885045653968113
5479,5480,-0.10885046776416393
5480,5481,-0.10885047898440467
5481,5482,-0.10885049020040569
5482,5483,-0.10885050141216937
5483,5484,-0.10885051261969811
5484,5485,-0.10885052382299427
5485,5486,-0.1088505350220602
5486,5487,-0.10885054621689828
5487,5488,-0.1088505574075109
5488,5489,-0.1088505685939004
5489,5490,-0.10885057977606916
5490,5491,-0.10885059095401953
5491,5492,-0.10885060212775388
5492,5493,-0.10885061329727455
5493,5494,-0.10885062446258391
5494,5495,-0.1088506356236843
5495,5496,-0.10885064678057813
5496,5497,-0.10885065793326766
5497,5498,-0.10885066908175531
5498,5499,-0.1088506802260434
5499,5500,-0.10885069136613426
5500,5501,-0.10885070250203027
5501,5502,-0.10885071363373376
5502,5503,-0.10885072476124708
5503,5504,-0.10885073588457253
5504,5505,-0.10885074700371251
5505,5506,-0.10885075811866927
5506,5507,-0.10885076922944523
5507,5508,-0.10885078033604267
5508,5509,-0.10885079143846396
5509,5510,-0.10885080253671138
5510,5511,-0.1088508136307873
5511,5512,-0.10885082472069403
5512,5513,-0.10885083580643386
5513,5514,-0.10885084688800917
5514,5515,-0.10885085796542224
5515,5516,-0.10885086903867539
5516,5517,-0.10885088010777094
5517,5518,-0.10885089117271125
5518,5519,-0.10885090223349857
5519,5520,-0.10885091329013526
5520,5521,-0.1088509243426236
5521,5522,-0.1088509353909659
5522,5523,-0.10885094643516445
5523,5524,-0.10885095747522161
5524,5525,-0.10885096851113965
5525,5526,-0.10885097954292086
5526,5527,-0.10885099057056755
5527,5528,-0.10885100159408202
5528,5529,-0.10885101261346658
5529,5530,-0.10885102362872348
5530,5531,-0.10885103463985508
5531,5532,-0.10885104564686363
5532,5533,-0.1088510566497514
5533,5534,-0.1088510676485207
5534,5535,-0.10885107864317384
5535,5536,-0.10885108963371308
5536,5537,-0.10885110062014071
5537,5538,-0.10885111160245899
5538,5539,-0.10885112258067021
5539,5540,-0.10885113355477667
5540,5541,-0.10885114452478065
5541,5542,-0.10885115549068437
5542,5543,-0.10885116645249018
5543,5544,-0.10885117741020028
5544,5545,-0.10885118836381696
5545,5546,-0.1088511993133425
5546,5547,-0.10885121025877918
5547,5548,-0.10885122120012924
5548,5549,-0.10885123213739493
5549,5550,-0.10885124307057856
5550,5551,-0.10885125399968236
5551,5552,-0.10885126492470856
5552,5553,-0.10885127584565946
5553,5554,-0.10885128676253733
5554,5555,-0.10885129767534436
5555,5556,-0.10885130858408282
5556,5557,-0.10885131948875501
5557,5558,-0.10885133038936311
5558,5559,-0.1088513412859094
5559,5560,-0.10885135217839613
5560,5561,-0.10885136306682555
5561,5562,-0.10885137395119987
5562,5563,-0.10885138483152135
5563,5564,-0.10885139570779222
5564,5565,-0.10885140658001471
5565,5566,-0.10885141744819109
5566,5567,-0.10885142831232356
5567,5568,-0.10885143917241435
5568,5569,-0.1088514500284657
5569,5570,-0.10885146088047987
5570,5571,-0.10885147172845902
5571,5572,-0.10885148257240544
5572,5573,-0.10885149341232131
5573,5574,-0.10885150424820886
5574,5575,-0.10885151508007034
5575,5576,-0.10885152590790792
5576,5577,-0.10885153673172386
5577,5578,-0.10885154755152032
5578,5579,-0.1088515583672996
5579,5580,-0.10885156917906384
5580,5581,-0.10885157998681527
5581,5582,-0.1088515907905561
5582,5583,-0.10885160159028856
5583,5584,-0.10885161238601482
5584,5585,-0.10885162317773708
5585,5586,-0.1088516339654576
5586,5587,-0.10885164474917851
5587,5588,-0.10885165552890208
5588,5589,-0.10885166630463046
5589,5590,-0.10885167707636584
5590,5591,-0.10885168784411044
5591,5592,-0.1088516986078664
5592,5593,-0.10885170936763602
5593,5594,-0.10885172012342138
5594,5595,-0.10885173087522473
5595,5596,-0.10885174162304824
5596,5597,-0.10885175236689411
5597,5598,-0.10885176310676448
5598,5599,-0.10885177384266158
5599,5600,-0.10885178457458754
5600,5601,-0.10885179530254459
5601,5602,-0.10885180602653488
5602,5603,-0.1088518167465606
5603,5604,-0.1088518274626239
5604,5605,-0.10885183817472698
5605,5606,-0.10885184888287198
5606,5607,-0.10885185958706109
5607,5608,-0.10885187028729647
5608,5609,-0.10885188098358028
5609,5610,-0.1088518916759147
5610,5611,-0.10885190236430192
5611,5612,-0.10885191304874405
5612,5613,-0.10885192372924325
5613,5614,-0.1088519344058017
5614,5615,-0.10885194507842157
5615,5616,-0.10885195574710496
5616,5617,-0.1088519664118541
5617,5618,-0.10885197707267107
5618,5619,-0.10885198772955808
5619,5620,-0.10885199838251725
5620,5621,-0.10885200903155069
5621,5622,-0.10885201967666062
5622,5623,-0.10885203031784915
5623,5624,-0.1088520409551184
5624,5625,-0.10885205158847054
5625,5626,-0.10885206221790772
5626,5627,-0.10885207284343205
5627,5628,-0.10885208346504567
5628,5629,-0.10885209408275073
5629,5630,-0.10885210469654932
5630,5631,-0.10885211530644365
5631,5632,-0.10885212591243576
5632,5633,-0.10885213651452787
5633,5634,-0.10885214711272204
5634,5635,-0.1088521577070204
5635,5636,-0.10885216829742513
5636,5637,-0.10885217888393826
5637,5638,-0.108852189466562
5638,5639,-0.10885220004529844
5639,5640,-0.10885221062014969
5640,5641,-0.10885222119111784
5641,5642,-0.10885223175820506
5642,5643,-0.10885224232141341
5643,5644,-0.10885225288074506
5644,5645,-0.10885226343620207
5645,5646,-0.10885227398778656
5646,5647,-0.10885228453550067
5647,5648,-0.10885229507934646
5648,5649,-0.10885230561932603
5649,5650,-0.10885231615544155
5650,5651,-0.10885232668769507
5651,5652,-0.10885233721608868
5652,5653,-0.10885234774062451
5653,5654,-0.10885235826130463
5654,5655,-0.10885236877813118
5655,5656,-0.10885237929110617
5656,5657,-0.10885238980023178
5657,5658,-0.10885240030551006
5658,5659,-0.10885241080694309
5659,5660,-0.10885242130453299
5660,5661,-0.1088524317982818
5661,5662,-0.10885244228819164
5662,5663,-0.10885245277426459
5663,5664,-0.10885246325650273
5664,5665,-0.10885247373490813
5665,5666,-0.10885248420948287
5666,5667,-0.10885249468022903
5667,5668,-0.10885250514714871
5668,5669,-0.10885251561024392
5669,5670,-0.10885252606951683
5670,5671,-0.10885253652496943
5671,5672,-0.10885254697660379
5672,5673,-0.10885255742442204
5673,5674,-0.10885256786842619
5674,5675,-0.10885257830861833
5675,5676,-0.10885258874500052
5676,5677,-0.10885259917757482
5677,5678,-0.1088526096063433
5678,5679,-0.108852620031308
5679,5680,-0.10885263045247097
5680,5681,-0.10885264086983434
5681,5682,-0.10885265128340006
5682,5683,-0.10885266169317026
5683,5684,-0.10885267209914695
5684,5685,-0.10885268250133222
5685,5686,-0.10885269289972807
5686,5687,-0.10885270329433658
5687,5688,-0.10885271368515981
5688,5689,-0.10885272407219974
5689,5690,-0.1088527344554585
5690,5691,-0.10885274483493806
5691,5692,-0.1088527552106405
5692,5693,-0.10885276558256787
5693,5694,-0.10885277595072217
5694,5695,-0.10885278631510541
5695,5696,-0.10885279667571972
5696,5697,-0.10885280703256703
5697,5698,-0.10885281738564945
5698,5699,-0.10885282773496899
5699,5700,-0.10885283808052766
5700,5701,-0.10885284842232748
5701,5702,-0.10885285876037049
5702,5703,-0.10885286909465874
5703,5704,-0.10885287942519419
5704,5705,-0.10885288975197893
5705,5706,-0.10885290007501494
5706,5707,-0.10885291039430427
5707,5708,-0.10885292070984888
5708,5709,-0.10885293102165083
5709,5710,-0.10885294132971213
5710,5711,-0.1088529516340348
5711,5712,-0.10885296193462082
5712,5713,-0.10885297223147222
5713,5714,-0.10885298252459101
5714,5715,-0.1088529928139792
5715,5716,-0.1088530030996388
5716,5717,-0.10885301338157179
5717,5718,-0.10885302365978015
5718,5719,-0.10885303393426597
5719,5720,-0.10885304420503118
5720,5721,-0.10885305447207781
5721,5722,-0.10885306473540782
5722,5723,-0.10885307499502325
5723,5724,-0.10885308525092605
5724,5725,-0.10885309550311824
5725,5726,-0.10885310575160183
5726,5727,-0.10885311599637879
5727,5728,-0.10885312623745108
5728,5729,-0.10885313647482071
5729,5730,-0.10885314670848968
5730,5731,-0.10885315693845996
5731,5732,-0.10885316716473353
5732,5733,-0.10885317738731241
5733,5734,-0.1088531876061985
5734,5735,-0.10885319782139385
5735,5736,-0.10885320803290043
5736,5737,-0.10885321824072017
5737,5738,-0.10885322844485508
5738,5739,-0.10885323864530715
5739,5740,-0.1088532488420783
5740,5741,-0.10885325903517053
5741,5742,-0.1088532692245858
5742,5743,-0.1088532794103261
5743,5744,-0.10885328959239339
5744,5745,-0.10885329977078961
5745,5746,-0.10885330994551676
5746,5747,-0.10885332011657674
5747,5748,-0.10885333028397158
5748,5749,-0.1088533404477032
5749,5750,-0.10885335060777358
5750,5751,-0.10885336076418466
5751,5752,-0.10885337091693839
5752,5753,-0.10885338106603674
5753,5754,-0.10885339121148166
5754,5755,-0.10885340135327508
5755,5756,-0.10885341149141897
5756,5757,-0.10885342162591528
5757,5758,-0.10885343175676596
5758,5759,-0.10885344188397293
5759,5760,-0.10885345200753815
5760,5761,-0.10885346212746358
5761,5762,-0.10885347224375112
5762,5763,-0.10885348235640274
5763,5764,-0.10885349246542037
5764,5765,-0.10885350257080595
5765,5766,-0.10885351267256142
5766,5767,-0.10885352277068869
5767,5768,-0.10885353286518971
5768,5769,-0.10885354295606645
5769,5770,-0.10885355304332077
5770,5771,-0.10885356312695463
5771,5772,-0.10885357320696999
5772,5773,-0.10885358328336872
5773,5774,-0.10885359335615276
5774,5775,-0.10885360342532407
5775,5776,-0.10885361349088453
5776,5777,-0.10885362355283608
5777,5778,-0.10885363361118065
5778,5779,-0.10885364366592014
5779,5780,-0.10885365371705644
5780,5781,-0.10885366376459153
5781,5782,-0.10885367380852728
5782,5783,-0.10885368384886561
5783,5784,-0.10885369388560844
5784,5785,-0.10885370391875768
5785,5786,-0.10885371394831522
5786,5787,-0.10885372397428297
5787,5788,-0.10885373399666287
5788,5789,-0.10885374401545678
5789,5790,-0.10885375403066665
5790,5791,-0.1088537640422943
5791,5792,-0.10885377405034173
5792,5793,-0.1088537840548108
5793,5794,-0.10885379405570339
5794,5795,-0.10885380405302139
5795,5796,-0.10885381404676672
5796,5797,-0.10885382403694131
5797,5798,-0.10885383402354701
5798,5799,-0.10885384400658565
5799,5800,-0.10885385398605925
5800,5801,-0.1088538639619696
5801,5802,-0.10885387393431861
5802,5803,-0.10885388390310818
5803,5804,-0.1088538938683402
5804,5805,-0.10885390383001652
5805,5806,-0.10885391378813906
5806,5807,-0.10885392374270969
5807,5808,-0.10885393369373025
5808,5809,-0.10885394364120268
5809,5810,-0.10885395358512882
5810,5811,-0.10885396352551056
5811,5812,-0.10885397346234979
5812,5813,-0.10885398339564833
5813,5814,-0.1088539933254081
5814,5815,-0.10885400325163093
5815,5816,-0.10885401317431874
5816,5817,-0.10885402309347335
5817,5818,-0.10885403300909663
5818,5819,-0.10885404292119048
5819,5820,-0.10885405282975673
5820,5821,-0.10885406273479728
5821,5822,-0.10885407263631396
5822,5823,-0.10885408253430862
5823,5824,-0.10885409242878313
5824,5825,-0.10885410231973938
5825,5826,-0.10885411220717918
5826,5827,-0.10885412209110439
5827,5828,-0.1088541319715169
5828,5829,-0.10885414184841852
5829,5830,-0.10885415172181111
5830,5831,-0.10885416159169656
5831,5832,-0.10885417145807667
5832,5833,-0.10885418132095329
5833,5834,-0.10885419118032828
5834,5835,-0.1088542010362035
5835,5836,-0.10885421088858074
5836,5837,-0.1088542207374619
5837,5838,-0.10885423058284878
5838,5839,-0.10885424042474326
5839,5840,-0.10885425026314713
5840,5841,-0.10885426009806225
5841,5842,-0.10885426992949046
5842,5843,-0.1088542797574336
5843,5844,-0.10885428958189347
5844,5845,-0.10885429940287195
5845,5846,-0.10885430922037083
5846,5847,-0.10885431903439194
5847,5848,-0.10885432884493712
5848,5849,-0.10885433865200819
5849,5850,-0.10885434845560699
5850,5851,-0.10885435825573533
5851,5852,-0.10885436805239505
5852,5853,-0.10885437784558794
5853,5854,-0.10885438763531584
5854,5855,-0.10885439742158055
5855,5856,-0.10885440720438394
5856,5857,-0.10885441698372776
5857,5858,-0.10885442675961385
5858,5859,-0.10885443653204405
5859,5860,-0.10885444630102013
5860,5861,-0.10885445606654394
5861,5862,-0.10885446582861726
5862,5863,-0.1088544755872419
5863,5864,-0.10885448534241969
5864,5865,-0.10885449509415242
5865,5866,-0.10885450484244188
5866,5867,-0.10885451458728992
5867,5868,-0.10885452432869828
5868,5869,-0.10885453406666884
5869,5870,-0.10885454380120332
5870,5871,-0.10885455353230354
5871,5872,-0.10885456325997134
5872,5873,-0.10885457298420848
5873,5874,-0.10885458270501674
5874,5875,-0.10885459242239795
5875,5876,-0.10885460213635388
5876,5877,-0.10885461184688631
5877,5878,-0.10885462155399707
5878,5879,-0.10885463125768792
5879,5880,-0.10885464095796064
5880,5881,-0.10885465065481706
5881,5882,-0.1088546603482589
5882,5883,-0.10885467003828801
5883,5884,-0.10885467972490612
5884,5885,-0.10885468940811502
5885,5886,-0.10885469908791652
5886,5887,-0.10885470876431239
5887,5888,-0.10885471843730436
5888,5889,-0.10885472810689428
5889,5890,-0.10885473777308387
5890,5891,-0.10885474743587492
5891,5892,-0.1088547570952692
5892,5893,-0.1088547667512685
5893,5894,-0.10885477640387456
5894,5895,-0.1088547860530892
5895,5896,-0.10885479569891411
5896,5897,-0.10885480534135111
5897,5898,-0.10885481498040196
5898,5899,-0.10885482461606841
5899,5900,-0.10885483424835224
5900,5901,-0.1088548438772552
5901,5902,-0.10885485350277904
5902,5903,-0.10885486312492555
5903,5904,-0.10885487274369648
5904,5905,-0.10885488235909356
5905,5906,-0.10885489197111856
5906,5907,-0.10885490157977325
5907,5908,-0.10885491118505934
5908,5909,-0.10885492078697862
5909,5910,-0.10885493038553284
5910,5911,-0.10885493998072375
5911,5912,-0.10885494957255307
5912,5913,-0.10885495916102259
5913,5914,-0.108854968746134
5914,5915,-0.1088549783278891
5915,5916,-0.10885498790628963
5916,5917,-0.10885499748133727
5917,5918,-0.10885500705303382
5918,5919,-0.10885501662138101
5919,5920,-0.10885502618638057
5920,5921,-0.10885503574803425
5921,5922,-0.10885504530634375
5922,5923,-0.10885505486131085
5923,5924,-0.10885506441293726
5924,5925,-0.10885507396122471
5925,5926,-0.10885508350617493
5926,5927,-0.10885509304778969
5927,5928,-0.10885510258607065
5928,5929,-0.1088551121210196
5929,5930,-0.10885512165263823
5930,5931,-0.10885513118092831
5931,5932,-0.1088551407058915
5932,5933,-0.10885515022752956
5933,5934,-0.10885515974584423
5934,5935,-0.10885516926083719
5935,5936,-0.10885517877251018
5936,5937,-0.1088551882808649
5937,5938,-0.10885519778590312
5938,5939,-0.10885520728762652
5939,5940,-0.10885521678603677
5940,5941,-0.10885522628113567
5941,5942,-0.10885523577292486
5942,5943,-0.10885524526140612
5943,5944,-0.10885525474658109
5944,5945,-0.10885526422845153
5945,5946,-0.10885527370701911
5946,5947,-0.10885528318228557
5947,5948,-0.10885529265425259
5948,5949,-0.10885530212292192
5949,5950,-0.1088553115882952
5950,5951,-0.10885532105037414
5951,5952,-0.10885533050916049
5952,5953,-0.10885533996465595
5953,5954,-0.10885534941686215
5954,5955,-0.10885535886578084
5955,5956,-0.10885536831141371
5956,5957,-0.10885537775376242
5957,5958,-0.10885538719282872
5958,5959,-0.10885539662861426
5959,5960,-0.10885540606112079
5960,5961,-0.10885541549034992
5961,5962,-0.10885542491630337
5962,5963,-0.10885543433898286
5963,5964,-0.10885544375839004
5964,5965,-0.1088554531745266
5965,5966,-0.10885546258739426
5966,5967,-0.10885547199699463
5967,5968,-0.10885548140332948
5968,5969,-0.10885549080640045
5969,5970,-0.1088555002062092
5970,5971,-0.10885550960275742
5971,5972,-0.10885551899604681
5972,5973,-0.10885552838607902
5973,5974,-0.10885553777285577
5974,5975,-0.10885554715637868
5975,5976,-0.10885555653664947
5976,5977,-0.10885556591366974
5977,5978,-0.10885557528744125
5978,5979,-0.10885558465796559
5979,5980,-0.10885559402524453
5980,5981,-0.10885560338927962
5981,5982,-0.1088556127500726
5982,5983,-0.10885562210762512
5983,5984,-0.10885563146193881
5984,5985,-0.10885564081301541
5985,5986,-0.10885565016085649
5986,5987,-0.10885565950546382
5987,5988,-0.10885566884683892
5988,5989,-0.10885567818498357
5989,5990,-0.10885568751989935
5990,5991,-0.10885569685158798
5991,5992,-0.10885570618005108
5992,5993,-0.1088557155052903
5993,5994,-0.1088557248273073
5994,5995,-0.10885573414610374
5995,5996,-0.10885574346168123
5996,5997,-0.10885575277404148
5997,5998,-0.10885576208318609
5998,5999,-0.10885577138911674
5999,6000,-0.10885578069183505
6000,6001,-0.1088557899913427
6001,6002,-0.1088557992876413
6002,6003,-0.10885580858073249
6003,6004,-0.10885581787061795
6004,6005,-0.10885582715729929
6005,6006,-0.10885583644077815
6006,6007,-0.10885584572105618
6007,6008,-0.108855854998135
6008,6009,-0.10885586427201624
6009,6010,-0.1088558735427016
6010,6011,-0.10885588281019264
6011,6012,-0.10885589207449102
6012,6013,-0.10885590133559836
6013,6014,-0.10885591059351632
6014,6015,-0.10885591984824651
6015,6016,-0.10885592909979054
6016,6017,-0.10885593834815006
6017,6018,-0.10885594759332672
6018,6019,-0.1088559568353221
6019,6020,-0.10885596607413782
6020,6021,-0.10885597530977555
6021,6022,-0.10885598454223687
6022,6023,-0.10885599377152344
6023,6024,-0.10885600299763683
6024,6025,-0.1088560122205787
6025,6026,-0.10885602144035063
6026,6027,-0.10885603065695428
6027,6028,-0.10885603987039123
6028,6029,-0.10885604908066311
6029,6030,-0.10885605828777155
6030,6031,-0.10885606749171811
6031,6032,-0.10885607669250444
6032,6033,-0.10885608589013215
6033,6034,-0.10885609508460284
6034,6035,-0.10885610427591812
6035,6036,-0.10885611346407961
6036,6037,-0.10885612264908887
6037,6038,-0.10885613183094756
6038,6039,-0.10885614100965722
6039,6040,-0.10885615018521953
6040,6041,-0.10885615935763604
6041,6042,-0.10885616852690834
6042,6043,-0.10885617769303808
6043,6044,-0.10885618685602681
6044,6045,-0.10885619601587614
6045,6046,-0.10885620517258766
6046,6047,-0.108856214326163
6047,6048,-0.10885622347660373
6048,6049,-0.10885623262391143
6049,6050,-0.1088562417680877
6050,6051,-0.10885625090913413
6051,6052,-0.10885626004705232
6052,6053,-0.10885626918184385
6053,6054,-0.1088562783135103
6054,6055,-0.10885628744205324
6055,6056,-0.10885629656747432
6056,6057,-0.10885630568977503
6057,6058,-0.10885631480895704
6058,6059,-0.10885632392502191
6059,6060,-0.10885633303797117
6060,6061,-0.10885634214780644
6061,6062,-0.10885635125452932
6062,6063,-0.10885636035814136
6063,6064,-0.10885636945864412
6064,6065,-0.10885637855603918
6065,6066,-0.10885638765032815
6066,6067,-0.1088563967415126
6067,6068,-0.10885640582959404
6068,6069,-0.10885641491457414
6069,6070,-0.10885642399645434
6070,6071,-0.10885643307523633
6071,6072,-0.10885644215092163
6072,6073,-0.10885645122351181
6073,6074,-0.10885646029300843
6074,6075,-0.10885646935941307
6075,6076,-0.10885647842272723
6076,6077,-0.10885648748295261
6077,6078,-0.10885649654009065
6078,6079,-0.10885650559414294
6079,6080,-0.10885651464511104
6080,6081,-0.10885652369299653
6081,6082,-0.10885653273780094
6082,6083,-0.10885654177952588
6083,6084,-0.1088565508181728
6084,6085,-0.10885655985374337
6085,6086,-0.10885656888623907
6086,6087,-0.1088565779156615
6087,6088,-0.10885658694201218
6088,6089,-0.10885659596529265
6089,6090,-0.10885660498550447
6090,6091,-0.10885661400264922
6091,6092,-0.10885662301672842
6092,6093,-0.10885663202774361
6093,6094,-0.10885664103569634
6094,6095,-0.10885665004058814
6095,6096,-0.1088566590424206
6096,6097,-0.10885666804119522
6097,6098,-0.10885667703691354
6098,6099,-0.10885668602957713
6099,6100,-0.10885669501918752
6100,6101,-0.10885670400574621
6101,6102,-0.10885671298925477
6102,6103,-0.10885672196971473
6103,6104,-0.10885673094712763
6104,6105,-0.10885673992149503
6105,6106,-0.1088567488928184
6106,6107,-0.1088567578610993
6107,6108,-0.10885676682633928
6108,6109,-0.10885677578853983
6109,6110,-0.10885678474770255
6110,6111,-0.1088567937038289
6111,6112,-0.10885680265692042
6112,6113,-0.10885681160697863
6113,6114,-0.1088568205540051
6114,6115,-0.1088568294980013
6115,6116,-0.10885683843896878
6116,6117,-0.10885684737690901
6117,6118,-0.10885685631182361
6118,6119,-0.10885686524371403
6119,6120,-0.1088568741725818
6120,6121,-0.10885688309842845
6121,6122,-0.1088568920212555
6122,6123,-0.10885690094106441
6123,6124,-0.10885690985785677
6124,6125,-0.10885691877163406
6125,6126,-0.10885692768239778
6126,6127,-0.10885693659014946
6127,6128,-0.1088569454948906
6128,6129,-0.1088569543966227
6129,6130,-0.1088569632953473
6130,6131,-0.1088569721910659
6131,6132,-0.10885698108377996
6132,6133,-0.10885698997349104
6133,6134,-0.10885699886020066
6134,6135,-0.10885700774391026
6135,6136,-0.10885701662462136
6136,6137,-0.1088570255023355
6137,6138,-0.10885703437705413
6138,6139,-0.10885704324877879
6139,6140,-0.10885705211751094
6140,6141,-0.10885706098325211
6141,6142,-0.10885706984600378
6142,6143,-0.10885707870576745
6143,6144,-0.10885708756254463
6144,6145,-0.10885709641633677
6145,6146,-0.10885710526714543
6146,6147,-0.10885711411497205
6147,6148,-0.10885712295981809
6148,6149,-0.10885713180168512
6149,6150,-0.10885714064057458
6150,6151,-0.10885714947648799
6151,6152,-0.10885715830942679
6152,6153,-0.10885716713939249
6153,6154,-0.10885717596638658
6154,6155,-0.10885718479041052
6155,6156,-0.10885719361146584
6156,6157,-0.10885720242955399
6157,6158,-0.10885721124467643
6158,6159,-0.10885722005683467
6159,6160,-0.10885722886603019
6160,6161,-0.10885723767226445
6161,6162,-0.10885724647553893
6162,6163,-0.10885725527585514
6163,6164,-0.10885726407321449
6164,6165,-0.10885727286761854
6165,6166,-0.10885728165906866
6166,6167,-0.1088572904475664
6167,6168,-0.10885729923311319
6168,6169,-0.10885730801571052
6169,6170,-0.10885731679535986
6170,6171,-0.10885732557206265
6171,6172,-0.10885733434582041
6172,6173,-0.10885734311663457
6173,6174,-0.10885735188450658
6174,6175,-0.10885736064943795
6175,6176,-0.1088573694114301
6176,6177,-0.10885737817048452
6177,6178,-0.10885738692660266
6178,6179,-0.10885739567978596
6179,6180,-0.10885740443003593
6180,6181,-0.10885741317735396
6181,6182,-0.10885742192174157
6182,6183,-0.1088574306632002
6183,6184,-0.10885743940173127
6184,6185,-0.10885744813733626
6185,6186,-0.10885745687001665
6186,6187,-0.10885746559977386
6187,6188,-0.10885747432660935
6188,6189,-0.10885748305052458
6189,6190,-0.10885749177152097
6190,6191,-0.10885750048959998
6191,6192,-0.1088575092047631
6192,6193,-0.10885751791701173
6193,6194,-0.10885752662634732
6194,6195,-0.10885753533277132
6195,6196,-0.10885754403628518
6196,6197,-0.10885755273689035
6197,6198,-0.10885756143458825
6198,6199,-0.10885757012938034
6199,6200,-0.10885757882126805
6200,6201,-0.10885758751025282
6201,6202,-0.10885759619633609
6202,6203,-0.1088576048795193
6203,6204,-0.10885761355980389
6204,6205,-0.10885762223719132
6205,6206,-0.10885763091168293
6206,6207,-0.10885763958328028
6207,6208,-0.10885764825198471
6208,6209,-0.10885765691779768
6209,6210,-0.10885766558072062
6210,6211,-0.10885767424075497
6211,6212,-0.10885768289790217
6212,6213,-0.1088576915521636
6213,6214,-0.10885770020354073
6214,6215,-0.10885770885203497
6215,6216,-0.10885771749764776
6216,6217,-0.10885772614038049
6217,6218,-0.10885773478023461
6218,6219,-0.10885774341721158
6219,6220,-0.10885775205131272
6220,6221,-0.10885776068253954
6221,6222,-0.10885776931089343
6222,6223,-0.10885777793637579
6223,6224,-0.10885778655898808
6224,6225,-0.10885779517873163
6225,6226,-0.108857803795608
6226,6227,-0.10885781240961846
6227,6228,-0.10885782102076451
6228,6229,-0.10885782962904755
6229,6230,-0.10885783823446897
6230,6231,-0.10885784683703019
6231,6232,-0.10885785543673264
6232,6233,-0.1088578640335777
6233,6234,-0.10885787262756678
6234,6235,-0.1088578812187013
6235,6236,-0.10885788980698266
6236,6237,-0.1088578983924123
6237,6238,-0.10885790697499158
6238,6239,-0.10885791555472192
6239,6240,-0.10885792413160471
6240,6241,-0.10885793270564136
6241,6242,-0.10885794127683329
6242,6243,-0.10885794984518188
6243,6244,-0.10885795841068853
6244,6245,-0.10885796697335466
6245,6246,-0.10885797553318162
6246,6247,-0.10885798409017083
6247,6248,-0.1088579926443237
6248,6249,-0.10885800119564165
6249,6250,-0.10885800974412603
6250,6251,-0.10885801828977822
6251,6252,-0.10885802683259965
6252,6253,-0.10885803537259169
6253,6254,-0.10885804390975574
6254,6255,-0.10885805244409319
6255,6256,-0.1088580609756054
6256,6257,-0.1088580695042938
6257,6258,-0.10885807803015977
6258,6259,-0.10885808655320466
6259,6260,-0.1088580950734299
6260,6261,-0.10885810359083682
6261,6262,-0.10885811210542685
6262,6263,-0.10885812061720135
6263,6264,-0.10885812912616173
6264,6265,-0.10885813763230934
6265,6266,-0.10885814613564553
6266,6267,-0.10885815463617175
6267,6268,-0.10885816313388934
6268,6269,-0.10885817162879968
6269,6270,-0.10885818012090415
6270,6271,-0.10885818861020412
6271,6272,-0.10885819709670093
6272,6273,-0.10885820558039602
6273,6274,-0.10885821406129073
6274,6275,-0.10885822253938643
6275,6276,-0.10885823101468445
6276,6277,-0.10885823948718626
6277,6278,-0.10885824795689314
6278,6279,-0.10885825642380648
6279,6280,-0.10885826488792769
6280,6281,-0.10885827334925804
6281,6282,-0.108858281807799
6282,6283,-0.10885829026355186
6283,6284,-0.10885829871651803
6284,6285,-0.10885830716669884
6285,6286,-0.10885831561409569
6286,6287,-0.1088583240587099
6287,6288,-0.10885833250054283
6288,6289,-0.10885834093959589
6289,6290,-0.10885834937587037
6290,6291,-0.10885835780936769
6291,6292,-0.10885836624008914
6292,6293,-0.10885837466803613
6293,6294,-0.10885838309321
6294,6295,-0.10885839151561208
6295,6296,-0.10885839993524378
6296,6297,-0.10885840835210638
6297,6298,-0.10885841676620128
6298,6299,-0.1088584251775298
6299,6300,-0.10885843358609332
6300,6301,-0.10885844199189317
6301,6302,-0.1088584503949307
6302,6303,-0.10885845879520722
6303,6304,-0.10885846719272417
6304,6305,-0.10885847558748281
6305,6306,-0.1088584839794845
6306,6307,-0.10885849236873062
6307,6308,-0.10885850075522246
6308,6309,-0.10885850913896143
6309,6310,-0.10885851751994878
6310,6311,-0.10885852589818591
6311,6312,-0.10885853427367415
6312,6313,-0.10885854264641484
6313,6314,-0.10885855101640932
6314,6315,-0.10885855938365889
6315,6316,-0.10885856774816494
6316,6317,-0.10885857610992877
6317,6318,-0.1088585844689517
6318,6319,-0.1088585928252351
6319,6320,-0.10885860117878031
6320,6321,-0.1088586095295886
6321,6322,-0.10885861787766135
6322,6323,-0.10885862622299987
6323,6324,-0.1088586345656055
6324,6325,-0.10885864290547956
6325,6326,-0.10885865124262338
6326,6327,-0.10885865957703829
6327,6328,-0.10885866790872563
6328,6329,-0.10885867623768665
6329,6330,-0.10885868456392277
6330,6331,-0.10885869288743524
6331,6332,-0.10885870120822544
6332,6333,-0.10885870952629466
6333,6334,-0.10885871784164422
6334,6335,-0.10885872615427543
6335,6336,-0.10885873446418962
6336,6337,-0.1088587427713881
6337,6338,-0.10885875107587219
6338,6339,-0.10885875937764322
6339,6340,-0.1088587676767025
6340,6341,-0.10885877597305134
6341,6342,-0.10885878426669103
6342,6343,-0.10885879255762293
6343,6344,-0.1088588008458483
6344,6345,-0.10885880913136849
6345,6346,-0.1088588174141848
6346,6347,-0.1088588256942985
6347,6348,-0.10885883397171096
6348,6349,-0.10885884224642346
6349,6350,-0.1088588505184373
6350,6351,-0.1088588587877538
6351,6352,-0.10885886705437424
6352,6353,-0.10885887531829994
6353,6354,-0.10885888357953222
6354,6355,-0.10885889183807235
6355,6356,-0.10885890009392164
6356,6357,-0.10885890834708141
6357,6358,-0.10885891659755294
6358,6359,-0.10885892484533756
6359,6360,-0.10885893309043651
6360,6361,-0.10885894133285115
6361,6362,-0.10885894957258271
6362,6363,-0.10885895780963256
6363,6364,-0.10885896604400193
6364,6365,-0.10885897427569216
6365,6366,-0.1088589825047045
6366,6367,-0.10885899073104029
6367,6368,-0.10885899895470079
6368,6369,-0.10885900717568729
6369,6370,-0.10885901539400111
6370,6371,-0.10885902360964352
6371,6372,-0.10885903182261578
6372,6373,-0.10885904003291921
6373,6374,-0.1088590482405551
6374,6375,-0.10885905644552472
6375,6376,-0.10885906464782936
6376,6377,-0.10885907284747029
6377,6378,-0.10885908104444884
6378,6379,-0.10885908923876622
6379,6380,-0.10885909743042378
6380,6381,-0.10885910561942273
6381,6382,-0.10885911380576445
6382,6383,-0.10885912198945011
6383,6384,-0.10885913017048106
6384,6385,-0.10885913834885858
6385,6386,-0.10885914652458387
6386,6387,-0.1088591546976583
6387,6388,-0.10885916286808309
6388,6389,-0.10885917103585953
6389,6390,-0.10885917920098886
6390,6391,-0.10885918736347244
6391,6392,-0.10885919552331146
6392,6393,-0.1088592036805072
6393,6394,-0.10885921183506098
6394,6395,-0.108859219986974
6395,6396,-0.10885922813624758
6396,6397,-0.10885923628288299
6397,6398,-0.10885924442688144
6398,6399,-0.10885925256824426
6399,6400,-0.10885926070697269
6400,6401,-0.108859268843068
6401,6402,-0.10885927697653142
6402,6403,-0.10885928510736426
6403,6404,-0.10885929323556777
6404,6405,-0.1088593013611432
6405,6406,-0.10885930948409182
6406,6407,-0.10885931760441488
6407,6408,-0.10885932572211364
6408,6409,-0.10885933383718935
6409,6410,-0.10885934194964332
6410,6411,-0.10885935005947672
6411,6412,-0.10885935816669089
6412,6413,-0.108859366271287
6413,6414,-0.10885937437326638
6414,6415,-0.10885938247263025
6415,6416,-0.10885939056937986
6416,6417,-0.1088593986635165
6417,6418,-0.10885940675504134
6418,6419,-0.10885941484395571
6419,6420,-0.10885942293026082
6420,6421,-0.10885943101395792
6421,6422,-0.10885943909504826
6422,6423,-0.10885944717353309
6423,6424,-0.10885945524941366
6424,6425,-0.10885946332269122
6425,6426,-0.10885947139336702
6426,6427,-0.10885947946144227
6427,6428,-0.10885948752691822
6428,6429,-0.10885949558979614
6429,6430,-0.10885950365007727
6430,6431,-0.10885951170776281
6431,6432,-0.10885951976285405
6432,6433,-0.1088595278153522
6433,6434,-0.10885953586525852
6434,6435,-0.10885954391257421
6435,6436,-0.10885955195730053
6436,6437,-0.10885955999943873
6437,6438,-0.10885956803899001
6438,6439,-0.10885957607595564
6439,6440,-0.10885958411033685
6440,6441,-0.10885959214213481
6441,6442,-0.10885960017135085
6442,6443,-0.10885960819798615
6443,6444,-0.10885961622204193
6444,6445,-0.10885962424351944
6445,6446,-0.10885963226241988
6446,6447,-0.10885964027874452
6447,6448,-0.10885964829249456
6448,6449,-0.10885965630367125
6449,6450,-0.1088596643122758
6450,6451,-0.10885967231830941
6451,6452,-0.10885968032177336
6452,6453,-0.10885968832266883
6453,6454,-0.10885969632099704
6454,6455,-0.10885970431675926
6455,6456,-0.10885971230995665
6456,6457,-0.10885972030059048
6457,6458,-0.10885972828866193
6458,6459,-0.10885973627417225
6459,6460,-0.10885974425712265
6460,6461,-0.10885975223751432
6461,6462,-0.1088597602153485
6462,6463,-0.10885976819062641
6463,6464,-0.10885977616334928
6464,6465,-0.1088597841335183
6465,6466,-0.10885979210113467
6466,6467,-0.10885980006619961
6467,6468,-0.10885980802871437
6468,6469,-0.10885981598868014
6469,6470,-0.1088598239460981
6470,6471,-0.10885983190096947
6471,6472,-0.10885983985329549
6472,6473,-0.10885984780307738
6473,6474,-0.1088598557503163
6474,6475,-0.10885986369501342
6475,6476,-0.10885987163717006
6476,6477,-0.10885987957678735
6477,6478,-0.10885988751386651
6478,6479,-0.10885989544840875
6479,6480,-0.10885990338041525
6480,6481,-0.10885991130988723
6481,6482,-0.10885991923682589
6482,6483,-0.10885992716123244
6483,6484,-0.10885993508310808
6484,6485,-0.10885994300245397
6485,6486,-0.10885995091927134
6486,6487,-0.10885995883356138
6487,6488,-0.1088599667453253
6488,6489,-0.1088599746545643
6489,6490,-0.10885998256127954
6490,6491,-0.10885999046547226
6491,6492,-0.1088599983671436
6492,6493,-0.1088600062662948
6493,6494,-0.10886001416292704
6494,6495,-0.10886002205704148
6495,6496,-0.10886002994863939
6496,6497,-0.10886003783772187
6497,6498,-0.10886004572429014
6498,6499,-0.10886005360834543
6499,6500,-0.10886006148988886
6500,6501,-0.10886006936892167
6501,6502,-0.10886007724544501
6502,6503,-0.10886008511946009
6503,6504,-0.10886009299096809
6504,6505,-0.10886010085997018
6505,6506,-0.10886010872646756
6506,6507,-0.10886011659046142
6507,6508,-0.10886012445195292
6508,6509,-0.10886013231094326
6509,6510,-0.10886014016743359
6510,6511,-0.1088601480214251
6511,6512,-0.10886015587291901
6512,6513,-0.10886016372191645
6513,6514,-0.10886017156841862
6514,6515,-0.10886017941242669
6515,6516,-0.10886018725394184
6516,6517,-0.10886019509296523
6517,6518,-0.10886020292949804
6518,6519,-0.10886021076354145
6519,6520,-0.10886021859509665
6520,6521,-0.1088602264241648
6521,6522,-0.10886023425074705
6522,6523,-0.10886024207484461
6523,6524,-0.1088602498964586
6524,6525,-0.10886025771559023
6525,6526,-0.10886026553224065
6526,6527,-0.10886027334641103
6527,6528,-0.10886028115810255
6528,6529,-0.10886028896731637
6529,6530,-0.10886029677405364
6530,6531,-0.10886030457831555
6531,6532,-0.10886031238010323
6532,6533,-0.10886032017941788
6533,6534,-0.10886032797626066
6534,6535,-0.1088603357706327
6535,6536,-0.1088603435625352
6536,6537,-0.10886035135196928
6537,6538,-0.10886035913893613
6538,6539,-0.10886036692343691
6539,6540,-0.10886037470547276
6540,6541,-0.10886038248504486
6541,6542,-0.10886039026215433
6542,6543,-0.10886039803680235
6543,6544,-0.10886040580899009
6544,6545,-0.1088604135787187
6545,6546,-0.1088604213459893
6546,6547,-0.10886042911080308
6547,6548,-0.10886043687316119
6548,6549,-0.10886044463306475
6549,6550,-0.10886045239051495
6550,6551,-0.10886046014551293
6551,6552,-0.10886046789805982
6552,6553,-0.1088604756481568
6553,6554,-0.108860483395805
6554,6555,-0.10886049114100556
6555,6556,-0.10886049888375962
6556,6557,-0.10886050662406838
6557,6558,-0.1088605143619329
6558,6559,-0.10886052209735442
6559,6560,-0.10886052983033401
6560,6561,-0.10886053756087286
6561,6562,-0.10886054528897204
6562,6563,-0.10886055301463282
6563,6564,-0.10886056073785622
6564,6565,-0.10886056845864343
6565,6566,-0.1088605761769956
6566,6567,-0.10886058389291384
6567,6568,-0.10886059160639931
6568,6569,-0.10886059931745315
6569,6570,-0.10886060702607647
6570,6571,-0.10886061473227043
6571,6572,-0.10886062243603617
6572,6573,-0.1088606301373748
6573,6574,-0.1088606378362875
6574,6575,-0.10886064553277536
6575,6576,-0.10886065322683951
6576,6577,-0.10886066091848111
6577,6578,-0.10886066860770127
6578,6579,-0.10886067629450115
6579,6580,-0.10886068397888184
6580,6581,-0.10886069166084449
6581,6582,-0.10886069934039024
6582,6583,-0.1088607070175202
6583,6584,-0.1088607146922355
6584,6585,-0.10886072236453727
6585,6586,-0.10886073003442663
6586,6587,-0.10886073770190471
6587,6588,-0.10886074536697266
6588,6589,-0.10886075302963154
6589,6590,-0.10886076068988253
6590,6591,-0.10886076834772673
6591,6592,-0.10886077600316525
6592,6593,-0.10886078365619926
6593,6594,-0.10886079130682984
6594,6595,-0.10886079895505808
6595,6596,-0.1088608066008852
6596,6597,-0.1088608142443122
6597,6598,-0.10886082188534024
6598,6599,-0.10886082952397048
6599,6600,-0.10886083716020398
6600,6601,-0.1088608447940419
6601,6602,-0.10886085242548531
6602,6603,-0.10886086005453538
6603,6604,-0.10886086768119317
6604,6605,-0.1088608753054598
6605,6606,-0.10886088292733641
6606,6607,-0.10886089054682412
6607,6608,-0.10886089816392398
6608,6609,-0.10886090577863713
6609,6610,-0.10886091339096472
6610,6611,-0.10886092100090781
6611,6612,-0.10886092860846752
6612,6613,-0.10886093621364495
6613,6614,-0.10886094381644122
6614,6615,-0.10886095141685743
6615,6616,-0.1088609590148947
6616,6617,-0.10886096661055412
6617,6618,-0.10886097420383678
6618,6619,-0.10886098179474382
6619,6620,-0.10886098938327629
6620,6621,-0.10886099696943535
6621,6622,-0.10886100455322208
6622,6623,-0.10886101213463756
6623,6624,-0.1088610197136829
6624,6625,-0.1088610272903592
6625,6626,-0.10886103486466754
6626,6627,-0.10886104243660907
6627,6628,-0.10886105000618483
6628,6629,-0.10886105757339597
6629,6630,-0.10886106513824355
6630,6631,-0.10886107270072866
6631,6632,-0.10886108026085242
6632,6633,-0.10886108781861589
6633,6634,-0.1088610953740202
6634,6635,-0.10886110292706641
6635,6636,-0.10886111047775564
6636,6637,-0.10886111802608896
6637,6638,-0.10886112557206748
6638,6639,-0.10886113311569225
6639,6640,-0.10886114065696441
6640,6641,-0.10886114819588502
6641,6642,-0.10886115573245518
6642,6643,-0.10886116326667593
6643,6644,-0.10886117079854844
6644,6645,-0.10886117832807374
6645,6646,-0.10886118585525291
6646,6647,-0.10886119338008707
6647,6648,-0.10886120090257727
6648,6649,-0.10886120842272459
6649,6650,-0.10886121594053018
6650,6651,-0.10886122345599504
6651,6652,-0.10886123096912026
6652,6653,-0.10886123847990697
6653,6654,-0.10886124598835623
6654,6655,-0.10886125349446907
6655,6656,-0.10886126099824664
6656,6657,-0.10886126849968995
6657,6658,-0.10886127599880015
6658,6659,-0.10886128349557828
6659,6660,-0.10886129099002542
6660,6661,-0.1088612984821426
6661,6662,-0.10886130597193096
6662,6663,-0.10886131345939154
6663,6664,-0.10886132094452541
6664,6665,-0.10886132842733369
6665,6666,-0.1088613359078174
6666,6667,-0.10886134338597758
6667,6668,-0.1088613508618154
6668,6669,-0.10886135833533188
6669,6670,-0.10886136580652805
6670,6671,-0.10886137327540503
6671,6672,-0.10886138074196387
6672,6673,-0.10886138820620563
6673,6674,-0.1088613956681314
6674,6675,-0.10886140312774222
6675,6676,-0.10886141058503918
6676,6677,-0.10886141804002329
6677,6678,-0.10886142549269569
6678,6679,-0.10886143294305739
6679,6680,-0.10886144039110948
6680,6681,-0.10886144783685302
6681,6682,-0.10886145528028905
6682,6683,-0.10886146272141864
6683,6684,-0.10886147016024288
6684,6685,-0.10886147759676276
6685,6686,-0.10886148503097941
6686,6687,-0.10886149246289385
6687,6688,-0.10886149989250717
6688,6689,-0.10886150731982036
6689,6690,-0.10886151474483456
6690,6691,-0.10886152216755077
6691,6692,-0.10886152958797005
6692,6693,-0.10886153700609348
6693,6694,-0.1088615444219221
6694,6695,-0.10886155183545693
6695,6696,-0.10886155924669909
6696,6697,-0.10886156665564958
6697,6698,-0.10886157406230948
6698,6699,-0.1088615814666798
6699,6700,-0.10886158886876163
6700,6701,-0.10886159626855599
6701,6702,-0.10886160366606396
6702,6703,-0.10886161106128657
6703,6704,-0.10886161845422487
6704,6705,-0.10886162584487988
6705,6706,-0.1088616332332527
6706,6707,-0.10886164061934432
6707,6708,-0.10886164800315583
6708,6709,-0.10886165538468824
6709,6710,-0.10886166276394263
6710,6711,-0.10886167014092
6711,6712,-0.10886167751562144
6712,6713,-0.10886168488804793
6713,6714,-0.10886169225820054
6714,6715,-0.10886169962608033
6715,6716,-0.10886170699168833
6716,6717,-0.10886171435502556
6717,6718,-0.10886172171609307
6718,6719,-0.1088617290748919
6719,6720,-0.1088617364314231
6720,6721,-0.10886174378568769
6721,6722,-0.1088617511376867
6722,6723,-0.10886175848742119
6723,6724,-0.10886176583489217
6724,6725,-0.10886177318010065
6725,6726,-0.10886178052304772
6726,6727,-0.10886178786373439
6727,6728,-0.10886179520216167
6728,6729,-0.10886180253833065
6729,6730,-0.1088618098722423
6730,6731,-0.10886181720389766
6731,6732,-0.10886182453329778
6732,6733,-0.10886183186044368
6733,6734,-0.10886183918533639
6734,6735,-0.10886184650797692
6735,6736,-0.10886185382836634
6736,6737,-0.10886186114650563
6737,6738,-0.10886186846239584
6738,6739,-0.10886187577603801
6739,6740,-0.10886188308743312
6740,6741,-0.10886189039658223
6741,6742,-0.10886189770348632
6742,6743,-0.10886190500814648
6743,6744,-0.10886191231056369
6744,6745,-0.10886191961073896
6745,6746,-0.10886192690867333
6746,6747,-0.10886193420436785
6747,6748,-0.1088619414978235
6748,6749,-0.1088619487890413
6749,6750,-0.10886195607802227
6750,6751,-0.10886196336476744
6751,6752,-0.1088619706492778
6752,6753,-0.1088619779315544
6753,6754,-0.10886198521159826
6754,6755,-0.10886199248941036
6755,6756,-0.10886199976499174
6756,6757,-0.10886200703834341
6757,6758,-0.10886201430946639
6758,6759,-0.10886202157836164
6759,6760,-0.10886202884503025
6760,6761,-0.10886203610947319
6761,6762,-0.10886204337169147
6762,6763,-0.10886205063168614
6763,6764,-0.10886205788945816
6764,6765,-0.10886206514500854
6765,6766,-0.10886207239833832
6766,6767,-0.1088620796494485
6767,6768,-0.10886208689834007
6768,6769,-0.10886209414501405
6769,6770,-0.10886210138947144
6770,6771,-0.10886210863171325
6771,6772,-0.10886211587174048
6772,6773,-0.10886212310955416
6773,6774,-0.10886213034515527
6774,6775,-0.1088621375785448
6775,6776,-0.10886214480972378
6776,6777,-0.10886215203869319
6777,6778,-0.10886215926545406
6778,6779,-0.10886216649000735
6779,6780,-0.10886217371235407
6780,6781,-0.10886218093249526
6781,6782,-0.10886218815043187
6782,6783,-0.10886219536616495
6783,6784,-0.10886220257969544
6784,6785,-0.10886220979102439
6785,6786,-0.10886221700015274
6786,6787,-0.10886222420708153
6787,6788,-0.10886223141181171
6788,6789,-0.10886223861434437
6789,6790,-0.10886224581468039
6790,6791,-0.10886225301282083
6791,6792,-0.10886226020876667
6792,6793,-0.10886226740251889
6793,6794,-0.10886227459407849
6794,6795,-0.10886228178344648
6795,6796,-0.1088622889706238
6796,6797,-0.1088622961556115
6797,6798,-0.10886230333841052
6798,6799,-0.10886231051902188
6799,6800,-0.10886231769744659
6800,6801,-0.10886232487368556
6801,6802,-0.10886233204773985
6802,6803,-0.10886233921961039
6803,6804,-0.1088623463892982
6804,6805,-0.10886235355680428
6805,6806,-0.10886236072212957
6806,6807,-0.10886236788527512
6807,6808,-0.10886237504624184
6808,6809,-0.10886238220503076
6809,6810,-0.10886238936164282
6810,6811,-0.10886239651607907
6811,6812,-0.10886240366834042
6812,6813,-0.1088624108184279
6813,6814,-0.10886241796634247
6814,6815,-0.10886242511208509
6815,6816,-0.10886243225565677
6816,6817,-0.10886243939705849
6817,6818,-0.1088624465362912
6818,6819,-0.1088624536733559
6819,6820,-0.10886246080825354
6820,6821,-0.10886246794098511
6821,6822,-0.1088624750715516
6822,6823,-0.10886248219995398
6823,6824,-0.10886248932619322
6824,6825,-0.10886249645027028
6825,6826,-0.10886250357218615
6826,6827,-0.10886251069194176
6827,6828,-0.10886251780953816
6828,6829,-0.10886252492497626
6829,6830,-0.10886253203825709
6830,6831,-0.10886253914938154
6831,6832,-0.10886254625835064
6832,6833,-0.10886255336516532
6833,6834,-0.10886256046982655
6834,6835,-0.10886256757233537
6835,6836,-0.10886257467269263
6836,6837,-0.1088625817708994
6837,6838,-0.10886258886695657
6838,6839,-0.10886259596086516
6839,6840,-0.1088626030526261
6840,6841,-0.10886261014224037
6841,6842,-0.10886261722970897
6842,6843,-0.10886262431503278
6843,6844,-0.10886263139821281
6844,6845,-0.10886263847925001
6845,6846,-0.10886264555814539
6846,6847,-0.10886265263489986
6847,6848,-0.10886265970951438
6848,6849,-0.10886266678198993
6849,6850,-0.10886267385232742
6850,6851,-0.1088626809205279
6851,6852,-0.10886268798659224
6852,6853,-0.10886269505052146
6853,6854,-0.1088627021123165
6854,6855,-0.10886270917197828
6855,6856,-0.10886271622950779
6856,6857,-0.10886272328490595
6857,6858,-0.10886273033817379
6858,6859,-0.1088627373893122
6859,6860,-0.10886274443832213
6860,6861,-0.10886275148520458
6861,6862,-0.10886275852996045
6862,6863,-0.10886276557259073
6863,6864,-0.10886277261309635
6864,6865,-0.10886277965147828
6865,6866,-0.10886278668773745
6866,6867,-0.10886279372187482
6867,6868,-0.10886280075389133
6868,6869,-0.10886280778378793
6869,6870,-0.1088628148115656
6870,6871,-0.10886282183722523
6871,6872,-0.10886282886076783
6872,6873,-0.10886283588219425
6873,6874,-0.10886284290150557
6874,6875,-0.10886284991870261
6875,6876,-0.10886285693378639
6876,6877,-0.1088628639467578
6877,6878,-0.10886287095761786
6878,6879,-0.10886287796636746
6879,6880,-0.10886288497300751
6880,6881,-0.10886289197753904
6881,6882,-0.10886289897996289
6882,6883,-0.10886290598028009
6883,6884,-0.10886291297849152
6884,6885,-0.10886291997459817
6885,6886,-0.10886292696860093
6886,6887,-0.10886293396050076
6887,6888,-0.1088629409502986
6888,6889,-0.10886294793799536
6889,6890,-0.10886295492359202
6890,6891,-0.1088629619070895
6891,6892,-0.10886296888848872
6892,6893,-0.10886297586779065
6893,6894,-0.10886298284499617
6894,6895,-0.10886298982010624
6895,6896,-0.10886299679312184
6896,6897,-0.10886300376404381
6897,6898,-0.10886301073287313
6898,6899,-0.10886301769961078
6899,6900,-0.10886302466425761
6900,6901,-0.10886303162681461
6901,6902,-0.10886303858728265
6902,6903,-0.10886304554566273
6903,6904,-0.10886305250195573
6904,6905,-0.10886305945616259
6905,6906,-0.10886306640828425
6906,6907,-0.10886307335832161
6907,6908,-0.10886308030627563
6908,6909,-0.10886308725214722
6909,6910,-0.10886309419593729
6910,6911,-0.1088631011376468
6911,6912,-0.10886310807727664
6912,6913,-0.10886311501482773
6913,6914,-0.10886312195030103
6914,6915,-0.10886312888369747
6915,6916,-0.1088631358150179
6916,6917,-0.10886314274426331
6917,6918,-0.10886314967143462
6918,6919,-0.10886315659653271
6919,6920,-0.10886316351955852
6920,6921,-0.10886317044051298
6921,6922,-0.10886317735939699
6922,6923,-0.1088631842762115
6923,6924,-0.10886319119095737
6924,6925,-0.10886319810363557
6925,6926,-0.10886320501424702
6926,6927,-0.10886321192279258
6927,6928,-0.10886321882927325
6928,6929,-0.10886322573368984
6929,6930,-0.10886323263604336
6930,6931,-0.10886323953633469
6931,6932,-0.10886324643456473
6932,6933,-0.10886325333073442
6933,6934,-0.10886326022484462
6934,6935,-0.10886326711689628
6935,6936,-0.10886327400689033
6936,6937,-0.10886328089482768
6937,6938,-0.10886328778070918
6938,6939,-0.1088632946645358
6939,6940,-0.10886330154630844
6940,6941,-0.10886330842602797
6941,6942,-0.10886331530369535
6942,6943,-0.10886332217931147
6943,6944,-0.10886332905287723
6944,6945,-0.10886333592439353
6945,6946,-0.10886334279386128
6946,6947,-0.1088633496612814
6947,6948,-0.10886335652665477
6948,6949,-0.10886336338998233
6949,6950,-0.10886337025126495
6950,6951,-0.10886337711050358
6951,6952,-0.10886338396769907
6952,6953,-0.10886339082285233
6953,6954,-0.10886339767596429
6954,6955,-0.10886340452703583
6955,6956,-0.10886341137606786
6956,6957,-0.10886341822306128
6957,6958,-0.10886342506801698
6958,6959,-0.10886343191093588
6959,6960,-0.10886343875181885
6960,6961,-0.10886344559066684
6961,6962,-0.10886345242748069
6962,6963,-0.10886345926226129
6963,6964,-0.1088634660950096
6964,6965,-0.10886347292572648
6965,6966,-0.10886347975441281
6966,6967,-0.10886348658106954
6967,6968,-0.1088634934056975
6968,6969,-0.1088635002282976
6969,6970,-0.10886350704887077
6970,6971,-0.10886351386741785
6971,6972,-0.10886352068393976
6972,6973,-0.10886352749843743
6973,6974,-0.10886353431091168
6974,6975,-0.10886354112136344
6975,6976,-0.1088635479297936
6976,6977,-0.10886355473620306
6977,6978,-0.10886356154059268
6978,6979,-0.10886356834296335
6979,6980,-0.10886357514331599
6980,6981,-0.10886358194165145
6981,6982,-0.10886358873797064
6982,6983,-0.10886359553227447
6983,6984,-0.10886360232456377
6984,6985,-0.10886360911483946
6985,6986,-0.10886361590310244
6986,6987,-0.10886362268935357
6987,6988,-0.10886362947359371
6988,6989,-0.1088636362558238
6989,6990,-0.10886364303604469
6990,6991,-0.10886364981425727
6991,6992,-0.10886365659046239
6992,6993,-0.10886366336466101
6993,6994,-0.10886367013685393
6994,6995,-0.10886367690704207
6995,6996,-0.10886368367522632
6996,6997,-0.10886369044140752
6997,6998,-0.1088636972055866
6998,6999,-0.10886370396776437
6999,7000,-0.10886371072794179
7000,7001,-0.10886371748611968
7001,7002,-0.10886372424229894
7002,7003,-0.10886373099648045
7003,7004,-0.10886373774866503
7004,7005,-0.10886374449885365
7005,7006,-0.10886375124704711
7006,7007,-0.10886375799324632
7007,7008,-0.10886376473745216
7008,7009,-0.10886377147966546
7009,7010,-0.10886377821988713
7010,7011,-0.10886378495811802
7011,7012,-0.10886379169435904
7012,7013,-0.10886379842861103
7013,7014,-0.10886380516087486
7014,7015,-0.10886381189115141
7015,7016,-0.10886381861944155
7016,7017,-0.10886382534574617
7017,7018,-0.10886383207006609
7018,7019,-0.1088638387924022
7019,7020,-0.10886384551275537
7020,7021,-0.1088638522311265
7021,7022,-0.10886385894751638
7022,7023,-0.10886386566192596
7023,7024,-0.10886387237435606
7024,7025,-0.10886387908480756
7025,7026,-0.10886388579328131
7026,7027,-0.1088638924997782
7027,7028,-0.10886389920429904
7028,7029,-0.10886390590684475
7029,7030,-0.10886391260741618
7030,7031,-0.10886391930601416
7031,7032,-0.10886392600263962
7032,7033,-0.10886393269729333
7033,7034,-0.10886393938997624
7034,7035,-0.10886394608068915
7035,7036,-0.10886395276943295
7036,7037,-0.10886395945620847
7037,7038,-0.10886396614101661
7038,7039,-0.1088639728238582
7039,7040,-0.1088639795047341
7040,7041,-0.10886398618364519
7041,7042,-0.10886399286059227
7042,7043,-0.10886399953557625
7043,7044,-0.108864006208598
7044,7045,-0.10886401287965831
7045,7046,-0.1088640195487581
7046,7047,-0.10886402621589816
7047,7048,-0.1088640328810794
7048,7049,-0.10886403954430264
7049,7050,-0.10886404620556875
7050,7051,-0.10886405286487859
7051,7052,-0.10886405952223299
7052,7053,-0.10886406617763282
7053,7054,-0.10886407283107889
7054,7055,-0.10886407948257212
7055,7056,-0.10886408613211333
7056,7057,-0.10886409277970334
7057,7058,-0.10886409942534302
7058,7059,-0.10886410606903321
7059,7060,-0.10886411271077477
7060,7061,-0.10886411935056858
7061,7062,-0.10886412598841541
7062,7063,-0.10886413262431616
7063,7064,-0.10886413925827167
7064,7065,-0.10886414589028277
7065,7066,-0.10886415252035032
7066,7067,-0.10886415914847516
7067,7068,-0.10886416577465814
7068,7069,-0.10886417239890009
7069,7070,-0.10886417902120185
7070,7071,-0.10886418564156429
7071,7072,-0.10886419225998822
7072,7073,-0.10886419887647453
7073,7074,-0.10886420549102398
7074,7075,-0.10886421210363749
7075,7076,-0.10886421871431584
7076,7077,-0.10886422532305992
7077,7078,-0.10886423192987056
7078,7079,-0.10886423853474858
7079,7080,-0.1088642451376948
7080,7081,-0.10886425173871012
7081,7082,-0.10886425833779531
7082,7083,-0.10886426493495123
7083,7084,-0.10886427153017876
7084,7085,-0.10886427812347865
7085,7086,-0.10886428471485182
7086,7087,-0.10886429130429906
7087,7088,-0.10886429789182121
7088,7089,-0.10886430447741911
7089,7090,-0.1088643110610936
7090,7091,-0.1088643176428455
7091,7092,-0.10886432422267564
7092,7093,-0.10886433080058487
7093,7094,-0.10886433737657399
7094,7095,-0.10886434395064384
7095,7096,-0.1088643505227953
7096,7097,-0.10886435709302913
7097,7098,-0.10886436366134622
7098,7099,-0.10886437022774735
7099,7100,-0.10886437679223336
7100,7101,-0.10886438335480511
7101,7102,-0.1088643899154634
7102,7103,-0.10886439647420905
7103,7104,-0.10886440303104292
7104,7105,-0.10886440958596579
7105,7106,-0.10886441613897853
7106,7107,-0.10886442269008194
7107,7108,-0.10886442923927685
7108,7109,-0.10886443578656409
7109,7110,-0.10886444233194448
7110,7111,-0.10886444887541884
7111,7112,-0.10886445541698797
7112,7113,-0.10886446195665275
7113,7114,-0.10886446849441397
7114,7115,-0.10886447503027245
7115,7116,-0.10886448156422901
7116,7117,-0.10886448809628448
7117,7118,-0.10886449462643966
7118,7119,-0.10886450115469538
7119,7120,-0.10886450768105249
7120,7121,-0.10886451420551176
7121,7122,-0.10886452072807404
7122,7123,-0.10886452724874014
7123,7124,-0.10886453376751085
7124,7125,-0.10886454028438704
7125,7126,-0.10886454679936951
7126,7127,-0.10886455331245902
7127,7128,-0.10886455982365646
7128,7129,-0.10886456633296264
7129,7130,-0.10886457284037829
7130,7131,-0.10886457934590432
7131,7132,-0.10886458584954152
7132,7133,-0.10886459235129066
7133,7134,-0.10886459885115261
7134,7135,-0.10886460534912815
7135,7136,-0.10886461184521809
7136,7137,-0.10886461833942324
7137,7138,-0.10886462483174443
7138,7139,-0.10886463132218246
7139,7140,-0.10886463781073814
7140,7141,-0.10886464429741227
7141,7142,-0.10886465078220567
7142,7143,-0.10886465726511915
7143,7144,-0.10886466374615351
7144,7145,-0.10886467022530957
7145,7146,-0.10886467670258815
7146,7147,-0.10886468317799002
7147,7148,-0.10886468965151598
7148,7149,-0.10886469612316689
7149,7150,-0.1088647025929435
7150,7151,-0.10886470906084665
7151,7152,-0.10886471552687713
7152,7153,-0.10886472199103575
7153,7154,-0.1088647284533233
7154,7155,-0.1088647349137406
7155,7156,-0.10886474137228848
7156,7157,-0.10886474782896767
7157,7158,-0.10886475428377901
7158,7159,-0.1088647607367233
7159,7160,-0.10886476718780136
7160,7161,-0.10886477363701394
7161,7162,-0.1088647800843619
7162,7163,-0.10886478652984602
7163,7164,-0.10886479297346704
7164,7165,-0.10886479941522587
7165,7166,-0.1088648058551232
7166,7167,-0.10886481229315989
7167,7168,-0.10886481872933673
7168,7169,-0.10886482516365449
7169,7170,-0.108864831596114
7170,7171,-0.10886483802671605
7171,7172,-0.1088648444554614
7172,7173,-0.10886485088235089
7173,7174,-0.10886485730738528
7174,7175,-0.10886486373056536
7175,7176,-0.10886487015189197
7176,7177,-0.10886487657136586
7177,7178,-0.10886488298898785
7178,7179,-0.10886488940475872
7179,7180,-0.10886489581867927
7180,7181,-0.10886490223075025
7181,7182,-0.1088649086409725
7182,7183,-0.1088649150493468
7183,7184,-0.10886492145587393
7184,7185,-0.10886492786055468
7185,7186,-0.10886493426338985
7186,7187,-0.1088649406643802
7187,7188,-0.10886494706352655
7188,7189,-0.10886495346082968
7189,7190,-0.1088649598562904
7190,7191,-0.1088649662499094
7191,7192,-0.10886497264168761
7192,7193,-0.10886497903162569
7193,7194,-0.1088649854197245
7194,7195,-0.1088649918059848
7195,7196,-0.10886499819040739
7196,7197,-0.10886500457299303
7197,7198,-0.10886501095374251
7198,7199,-0.10886501733265663
7199,7200,-0.10886502370973615
7200,7201,-0.10886503008498187
7201,7202,-0.10886503645839457
7202,7203,-0.108865042829975
7203,7204,-0.10886504919972399
7204,7205,-0.1088650555676423
7205,7206,-0.1088650619337307
7206,7207,-0.10886506829798998
7207,7208,-0.10886507466042092
7208,7209,-0.1088650810210243
7209,7210,-0.10886508737980088
7210,7211,-0.10886509373675146
7211,7212,-0.1088651000918768
7212,7213,-0.1088651064451777
7213,7214,-0.10886511279665492
7214,7215,-0.10886511914630924
7215,7216,-0.10886512549414142
7216,7217,-0.10886513184015227
7217,7218,-0.10886513818434256
7218,7219,-0.10886514452671305
7219,7220,-0.10886515086726448
7220,7221,-0.10886515720599767
7221,7222,-0.10886516354291337
7222,7223,-0.10886516987801237
7223,7224,-0.10886517621129545
7224,7225,-0.10886518254276334
7225,7226,-0.10886518887241685
7226,7227,-0.10886519520025677
7227,7228,-0.10886520152628382
7228,7229,-0.10886520785049877
7229,7230,-0.10886521417290242
7230,7231,-0.10886522049349553
7231,7232,-0.10886522681227886
7232,7233,-0.1088652331292532
7233,7234,-0.10886523944441928
7234,7235,-0.10886524575777791
7235,7236,-0.10886525206932983
7236,7237,-0.10886525837907585
7237,7238,-0.10886526468701666
7238,7239,-0.10886527099315309
7239,7240,-0.10886527729748587
7240,7241,-0.10886528360001575
7241,7242,-0.10886528990074355
7242,7243,-0.10886529619967
7243,7244,-0.10886530249679588
7244,7245,-0.10886530879212193
7245,7246,-0.10886531508564892
7246,7247,-0.10886532137737763
7247,7248,-0.10886532766730879
7248,7249,-0.1088653339554432
7249,7250,-0.10886534024178159
7250,7251,-0.10886534652632472
7251,7252,-0.10886535280907338
7252,7253,-0.1088653590900283
7253,7254,-0.10886536536919027
7254,7255,-0.10886537164656002
7255,7256,-0.10886537792213831
7256,7257,-0.10886538419592591
7257,7258,-0.10886539046792357
7258,7259,-0.10886539673813206
7259,7260,-0.10886540300655213
7260,7261,-0.10886540927318451
7261,7262,-0.10886541553802999
7262,7263,-0.10886542180108931
7263,7264,-0.10886542806236325
7264,7265,-0.10886543432185254
7265,7266,-0.10886544057955794
7266,7267,-0.1088654468354802
7267,7268,-0.10886545308962009
7268,7269,-0.10886545934197832
7269,7270,-0.10886546559255567
7270,7271,-0.10886547184135291
7271,7272,-0.10886547808837077
7272,7273,-0.10886548433361
7273,7274,-0.10886549057707139
7274,7275,-0.10886549681875562
7275,7276,-0.1088655030586635
7276,7277,-0.10886550929679574
7277,7278,-0.10886551553315311
7278,7279,-0.10886552176773634
7279,7280,-0.10886552800054623
7280,7281,-0.10886553423158347
7281,7282,-0.10886554046084884
7282,7283,-0.10886554668834308
7283,7284,-0.1088655529140669
7284,7285,-0.10886555913802108
7285,7286,-0.10886556536020639
7286,7287,-0.10886557158062356
7287,7288,-0.10886557779927329
7288,7289,-0.1088655840161564
7289,7290,-0.10886559023127357
7290,7291,-0.10886559644462557
7291,7292,-0.10886560265621313
7292,7293,-0.10886560886603702
7293,7294,-0.10886561507409795
7294,7295,-0.10886562128039669
7295,7296,-0.10886562748493393
7296,7297,-0.10886563368771052
7297,7298,-0.10886563988872708
7298,7299,-0.10886564608798442
7299,7300,-0.10886565228548324
7300,7301,-0.10886565848122434
7301,7302,-0.1088656646752084
7302,7303,-0.10886567086743616
7303,7304,-0.1088656770579084
7304,7305,-0.10886568324662585
7305,7306,-0.10886568943358921
7306,7307,-0.10886569561879923
7307,7308,-0.1088657018022567
7308,7309,-0.10886570798396228
7309,7310,-0.10886571416391676
7310,7311,-0.10886572034212082
7311,7312,-0.10886572651857525
7312,7313,-0.10886573269328076
7313,7314,-0.1088657388662381
7314,7315,-0.10886574503744799
7315,7316,-0.10886575120691114
7316,7317,-0.10886575737462834
7317,7318,-0.10886576354060028
7318,7319,-0.1088657697048277
7319,7320,-0.10886577586731132
7320,7321,-0.1088657820280519
7321,7322,-0.10886578818705016
7322,7323,-0.10886579434430682
7323,7324,-0.10886580049982263
7324,7325,-0.10886580665359831
7325,7326,-0.1088658128056346
7326,7327,-0.10886581895593217
7327,7328,-0.10886582510449185
7328,7329,-0.10886583125131426
7329,7330,-0.10886583739640023
7330,7331,-0.1088658435397504
7331,7332,-0.10886584968136553
7332,7333,-0.10886585582124637
7333,7334,-0.10886586195939364
7334,7335,-0.10886586809580803
7335,7336,-0.10886587423049032
7336,7337,-0.10886588036344116
7337,7338,-0.10886588649466135
7338,7339,-0.10886589262415157
7339,7340,-0.10886589875191255
7340,7341,-0.10886590487794504
7341,7342,-0.10886591100224971
7342,7343,-0.10886591712482732
7343,7344,-0.10886592324567859
7344,7345,-0.10886592936480427
7345,7346,-0.10886593548220504
7346,7347,-0.10886594159788159
7347,7348,-0.1088659477118347
7348,7349,-0.10886595382406508
7349,7350,-0.10886595993457343
7350,7351,-0.10886596604336048
7351,7352,-0.10886597215042695
7352,7353,-0.10886597825577356
7353,7354,-0.10886598435940102
7354,7355,-0.10886599046131007
7355,7356,-0.10886599656150141
7356,7357,-0.10886600265997572
7357,7358,-0.1088660087567338
7358,7359,-0.10886601485177627
7359,7360,-0.10886602094510395
7360,7361,-0.10886602703671747
7361,7362,-0.10886603312661758
7362,7363,-0.10886603921480498
7363,7364,-0.10886604530128041
7364,7365,-0.10886605138604455
7365,7366,-0.10886605746909815
7366,7367,-0.10886606355044189
7367,7368,-0.1088660696300765
7368,7369,-0.1088660757080027
7369,7370,-0.10886608178422118
7370,7371,-0.10886608785873265
7371,7372,-0.10886609393153786
7372,7373,-0.10886610000263747
7373,7374,-0.10886610607203222
7374,7375,-0.10886611213972283
7375,7376,-0.10886611820570997
7376,7377,-0.10886612426999438
7377,7378,-0.10886613033257679
7378,7379,-0.10886613639345785
7379,7380,-0.10886614245263829
7380,7381,-0.10886614851011885
7381,7382,-0.10886615456590017
7382,7383,-0.10886616061998303
7383,7384,-0.1088661666723681
7384,7385,-0.10886617272305607
7385,7386,-0.1088661787720477
7386,7387,-0.10886618481934363
7387,7388,-0.1088661908649446
7388,7389,-0.10886619690885131
7389,7390,-0.1088662029510645
7390,7391,-0.10886620899158479
7391,7392,-0.10886621503041295
7392,7393,-0.10886622106754967
7393,7394,-0.10886622710299562
7394,7395,-0.10886623313675155
7395,7396,-0.10886623916881813
7396,7397,-0.10886624519919608
7397,7398,-0.10886625122788607
7398,7399,-0.10886625725488884
7399,7400,-0.10886626328020507
7400,7401,-0.10886626930383546
7401,7402,-0.1088662753257807
7402,7403,-0.10886628134604152
7403,7404,-0.10886628736461858
7404,7405,-0.1088662933815126
7405,7406,-0.10886629939672429
7406,7407,-0.10886630541025431
7407,7408,-0.10886631142210337
7408,7409,-0.10886631743227222
7409,7410,-0.10886632344076147
7410,7411,-0.1088663294475719
7411,7412,-0.1088663354527041
7412,7413,-0.10886634145615888
7413,7414,-0.10886634745793687
7414,7415,-0.10886635345803877
7415,7416,-0.10886635945646528
7416,7417,-0.1088663654532171
7417,7418,-0.1088663714482949
7418,7419,-0.10886637744169941
7419,7420,-0.10886638343343129
7420,7421,-0.10886638942349125
7421,7422,-0.10886639541188
7422,7423,-0.1088664013985982
7423,7424,-0.10886640738364652
7424,7425,-0.10886641336702568
7425,7426,-0.10886641934873639
7426,7427,-0.10886642532877931
7427,7428,-0.10886643130715515
7428,7429,-0.10886643728386457
7429,7430,-0.10886644325890829
7430,7431,-0.10886644923228696
7431,7432,-0.10886645520400132
7432,7433,-0.10886646117405203
7433,7434,-0.10886646714243975
7434,7435,-0.10886647310916521
7435,7436,-0.1088664790742291
7436,7437,-0.10886648503763208
7437,7438,-0.10886649099937482
7438,7439,-0.10886649695945803
7439,7440,-0.1088665029178824
7440,7441,-0.10886650887464862
7441,7442,-0.10886651482975733
7442,7443,-0.10886652078320926
7443,7444,-0.10886652673500508
7444,7445,-0.10886653268514544
7445,7446,-0.1088665386336311
7446,7447,-0.10886654458046269
7447,7448,-0.10886655052564086
7448,7449,-0.10886655646916636
7449,7450,-0.10886656241103983
7450,7451,-0.10886656835126196
7451,7452,-0.10886657428983344
7452,7453,-0.10886658022675492
7453,7454,-0.1088665861620271
7454,7455,-0.10886659209565068
7455,7456,-0.10886659802762633
7456,7457,-0.10886660395795471
7457,7458,-0.1088666098866365
7458,7459,-0.10886661581367237
7459,7460,-0.10886662173906302
7460,7461,-0.1088666276628091
7461,7462,-0.10886663358491132
7462,7463,-0.10886663950537036
7463,7464,-0.10886664542418686
7464,7465,-0.10886665134136152
7465,7466,-0.108866657256895
7466,7467,-0.10886666317078798
7467,7468,-0.10886666908304114
7468,7469,-0.10886667499365517
7469,7470,-0.1088666809026307
7470,7471,-0.1088666868099684
7471,7472,-0.10886669271566903
7472,7473,-0.1088666986197332
7473,7474,-0.10886670452216156
7474,7475,-0.10886671042295482
7475,7476,-0.1088667163221136
7476,7477,-0.10886672221963865
7477,7478,-0.1088667281155306
7478,7479,-0.10886673400979012
7479,7480,-0.10886673990241788
7480,7481,-0.10886674579341454
7481,7482,-0.1088667516827808
7482,7483,-0.10886675757051731
7483,7484,-0.10886676345662472
7484,7485,-0.10886676934110373
7485,7486,-0.10886677522395498
7486,7487,-0.10886678110517917
7487,7488,-0.10886678698477696
7488,7489,-0.10886679286274897
7489,7490,-0.10886679873909592
7490,7491,-0.10886680461381848
7491,7492,-0.10886681048691725
7492,7493,-0.10886681635839297
7493,7494,-0.1088668222282463
7494,7495,-0.10886682809647782
7495,7496,-0.10886683396308831
7496,7497,-0.10886683982807835
7497,7498,-0.10886684569144864
7498,7499,-0.10886685155319983
7499,7500,-0.10886685741333259
7500,7501,-0.10886686327184757
7501,7502,-0.10886686912874544
7502,7503,-0.10886687498402685
7503,7504,-0.1088668808376925
7504,7505,-0.10886688668974302
7505,7506,-0.10886689254017909
7506,7507,-0.10886689838900133
7507,7508,-0.10886690423621047
7508,7509,-0.10886691008180707
7509,7510,-0.10886691592579188
7510,7511,-0.10886692176816555
7511,7512,-0.10886692760892866
7512,7513,-0.10886693344808193
7513,7514,-0.10886693928562605
7514,7515,-0.10886694512156159
7515,7516,-0.10886695095588927
7516,7517,-0.10886695678860975
7517,7518,-0.10886696261972366
7518,7519,-0.10886696844923163
7519,7520,-0.10886697427713439
7520,7521,-0.10886698010343253
7521,7522,-0.10886698592812673
7522,7523,-0.10886699175121764
7523,7524,-0.10886699757270595
7524,7525,-0.10886700339259223
7525,7526,-0.10886700921087722
7526,7527,-0.10886701502756152
7527,7528,-0.10886702084264582
7528,7529,-0.10886702665613075
7529,7530,-0.10886703246801696
7530,7531,-0.10886703827830511
7531,7532,-0.10886704408699584
7532,7533,-0.10886704989408984
7533,7534,-0.1088670556995877
7534,7535,-0.10886706150349011
7535,7536,-0.10886706730579772
7536,7537,-0.10886707310651116
7537,7538,-0.10886707890563109
7538,7539,-0.10886708470315816
7539,7540,-0.10886709049909303
7540,7541,-0.10886709629343631
7541,7542,-0.1088671020861887
7542,7543,-0.10886710787735081
7543,7544,-0.10886711366692332
7544,7545,-0.10886711945490683
7545,7546,-0.10886712524130203
7546,7547,-0.10886713102610954
7547,7548,-0.10886713680933001
7548,7549,-0.10886714259096408
7549,7550,-0.10886714837101244
7550,7551,-0.10886715414947566
7551,7552,-0.10886715992635446
7552,7553,-0.10886716570164941
7553,7554,-0.10886717147536122
7554,7555,-0.10886717724749051
7555,7556,-0.1088671830180379
7556,7557,-0.10886718878700406
7557,7558,-0.1088671945543896
7558,7559,-0.10886720032019523
7559,7560,-0.10886720608442152
7560,7561,-0.10886721184706914
7561,7562,-0.10886721760813874
7562,7563,-0.10886722336763094
7563,7564,-0.10886722912554637
7564,7565,-0.10886723488188572
7565,7566,-0.1088672406366496
7566,7567,-0.10886724638983862
7567,7568,-0.10886725214145349
7568,7569,-0.10886725789149478
7569,7570,-0.10886726363996316
7570,7571,-0.10886726938685927
7571,7572,-0.10886727513218372
7572,7573,-0.1088672808759372
7573,7574,-0.10886728661812028
7574,7575,-0.10886729235873366
7575,7576,-0.10886729809777794
7576,7577,-0.10886730383525375
7577,7578,-0.10886730957116174
7578,7579,-0.10886731530550255
7579,7580,-0.1088673210382768
7580,7581,-0.10886732676948513
7581,7582,-0.10886733249912822
7582,7583,-0.1088673382272066
7583,7584,-0.108867343953721
7584,7585,-0.10886734967867201
7585,7586,-0.10886735540206027
7586,7587,-0.10886736112388641
7587,7588,-0.10886736684415108
7588,7589,-0.10886737256285488
7589,7590,-0.10886737827999843
7590,7591,-0.10886738399558243
7591,7592,-0.10886738970960744
7592,7593,-0.10886739542207415
7593,7594,-0.10886740113298313
7594,7595,-0.10886740684233508
7595,7596,-0.10886741255013055
7596,7597,-0.10886741825637022
7597,7598,-0.10886742396105471
7598,7599,-0.10886742966418465
7599,7600,-0.10886743536576064
7600,7601,-0.10886744106578335
7601,7602,-0.10886744676425338
7602,7603,-0.10886745246117137
7603,7604,-0.10886745815653794
7604,7605,-0.10886746385035374
7605,7606,-0.10886746954261932
7606,7607,-0.1088674752333354
7607,7608,-0.10886748092250256
7608,7609,-0.10886748661012144
7609,7610,-0.10886749229619264
7610,7611,-0.10886749798071678
7611,7612,-0.10886750366369453
7612,7613,-0.1088675093451265
7613,7614,-0.10886751502501327
7614,7615,-0.10886752070335551
7615,7616,-0.10886752638015382
7616,7617,-0.10886753205540883
7617,7618,-0.10886753772912114
7618,7619,-0.10886754340129141
7619,7620,-0.10886754907192026
7620,7621,-0.10886755474100826
7621,7622,-0.1088675604085561
7622,7623,-0.10886756607456434
7623,7624,-0.10886757173903364
7624,7625,-0.10886757740196458
7625,7626,-0.10886758306335782
7626,7627,-0.10886758872321395
7627,7628,-0.10886759438153362
7628,7629,-0.10886760003831744
7629,7630,-0.108867605693566
7630,7631,-0.10886761134727994
7631,7632,-0.10886761699945988
7632,7633,-0.10886762265010641
7633,7634,-0.10886762829922018
7634,7635,-0.1088676339468018
7635,7636,-0.10886763959285185
7636,7637,-0.10886764523737101
7637,7638,-0.10886765088035984
7638,7639,-0.10886765652181898
7639,7640,-0.10886766216174906
7640,7641,-0.10886766780015066
7641,7642,-0.1088676734370244
7642,7643,-0.1088676790723709
7643,7644,-0.10886768470619079
7644,7645,-0.10886769033848469
7645,7646,-0.10886769596925315
7646,7647,-0.10886770159849685
7647,7648,-0.10886770722621636
7648,7649,-0.10886771285241231
7649,7650,-0.10886771847708533
7650,7651,-0.108867724100236
7651,7652,-0.10886772972186493
7652,7653,-0.10886773534197275
7653,7654,-0.10886774096056005
7654,7655,-0.10886774657762749
7655,7656,-0.10886775219317563
7656,7657,-0.10886775780720506
7657,7658,-0.10886776341971645
7658,7659,-0.10886776903071035
7659,7660,-0.10886777464018745
7660,7661,-0.10886778024814825
7661,7662,-0.10886778585459345
7662,7663,-0.10886779145952359
7663,7664,-0.10886779706293931
7664,7665,-0.10886780266484122
7665,7666,-0.10886780826522993
7666,7667,-0.10886781386410603
7667,7668,-0.10886781946147012
7668,7669,-0.10886782505732283
7669,7670,-0.10886783065166473
7670,7671,-0.10886783624449647
7671,7672,-0.10886784183581863
7672,7673,-0.1088678474256318
7673,7674,-0.10886785301393662
7674,7675,-0.10886785860073363
7675,7676,-0.10886786418602351
7676,7677,-0.10886786976980682
7677,7678,-0.10886787535208414
7678,7679,-0.10886788093285615
7679,7680,-0.10886788651212337
7680,7681,-0.10886789208988645
7681,7682,-0.10886789766614599
7682,7683,-0.10886790324090256
7683,7684,-0.10886790881415677
7684,7685,-0.10886791438590926
7685,7686,-0.10886791995616056
7686,7687,-0.10886792552491133
7687,7688,-0.10886793109216214
7688,7689,-0.10886793665791358
7689,7690,-0.1088679422221663
7690,7691,-0.10886794778492086
7691,7692,-0.10886795334617783
7692,7693,-0.10886795890593785
7693,7694,-0.10886796446420151
7694,7695,-0.10886797002096939
7695,7696,-0.10886797557624212
7696,7697,-0.10886798113002026
7697,7698,-0.10886798668230445
7698,7699,-0.10886799223309522
7699,7700,-0.10886799778239321
7700,7701,-0.10886800333019903
7701,7702,-0.10886800887651325
7702,7703,-0.10886801442133644
7703,7704,-0.10886801996466927
7704,7705,-0.10886802550651223
7705,7706,-0.10886803104686602
7706,7707,-0.10886803658573117
7707,7708,-0.10886804212310826
7708,7709,-0.10886804765899792
7709,7710,-0.10886805319340073
7710,7711,-0.1088680587263173
7711,7712,-0.10886806425774818
7712,7713,-0.108868069787694
7713,7714,-0.10886807531615536
7714,7715,-0.10886808084313279
7715,7716,-0.10886808636862695
7716,7717,-0.10886809189263838
7717,7718,-0.10886809741516768
7718,7719,-0.10886810293621545
7719,7720,-0.10886810845578229
7720,7721,-0.10886811397386878
7721,7722,-0.10886811949047549
7722,7723,-0.10886812500560304
7723,7724,-0.10886813051925198
7724,7725,-0.10886813603142291
7725,7726,-0.10886814154211645
7726,7727,-0.10886814705133316
7727,7728,-0.10886815255907363
7728,7729,-0.10886815806533844
7729,7730,-0.10886816357012817
7730,7731,-0.10886816907344343
7731,7732,-0.1088681745752848
7732,7733,-0.10886818007565284
7733,7734,-0.10886818557454817
7734,7735,-0.10886819107197136
7735,7736,-0.108868196567923
7736,7737,-0.10886820206240364
7737,7738,-0.10886820755541392
7738,7739,-0.10886821304695436
7739,7740,-0.10886821853702561
7740,7741,-0.10886822402562821
7741,7742,-0.10886822951276275
7742,7743,-0.10886823499842978
7743,7744,-0.10886824048262995
7744,7745,-0.1088682459653638
7745,7746,-0.10886825144663191
7746,7747,-0.10886825692643488
7747,7748,-0.10886826240477328
7748,7749,-0.10886826788164769
7749,7750,-0.10886827335705869
7750,7751,-0.10886827883100686
7751,7752,-0.10886828430349278
7752,7753,-0.10886828977451701
7753,7754,-0.10886829524408018
7754,7755,-0.1088683007121828
7755,7756,-0.10886830617882551
7756,7757,-0.10886831164400886
7757,7758,-0.1088683171077334
7758,7759,-0.10886832256999979
7759,7760,-0.1088683280308085
7760,7761,-0.10886833349016017
7761,7762,-0.10886833894805538
7762,7763,-0.10886834440449471
7763,7764,-0.10886834985947867
7764,7765,-0.10886835531300793
7765,7766,-0.10886836076508298
7766,7767,-0.10886836621570446
7767,7768,-0.1088683716648729
7768,7769,-0.1088683771125889
7769,7770,-0.10886838255885305
7770,7771,-0.10886838800366586
7771,7772,-0.10886839344702796
7772,7773,-0.10886839888893991
7773,7774,-0.10886840432940229
7774,7775,-0.10886840976841564
7775,7776,-0.10886841520598055
7776,7777,-0.10886842064209762
7777,7778,-0.10886842607676736
7778,7779,-0.10886843150999041
7779,7780,-0.1088684369417673
7780,7781,-0.10886844237209861
7781,7782,-0.10886844780098491
7782,7783,-0.10886845322842678
7783,7784,-0.10886845865442477
7784,7785,-0.10886846407897945
7785,7786,-0.10886846950209139
7786,7787,-0.10886847492376121
7787,7788,-0.10886848034398941
7788,7789,-0.10886848576277658
7789,7790,-0.10886849118012329
7790,7791,-0.10886849659603011
7791,7792,-0.10886850201049761
7792,7793,-0.10886850742352636
7793,7794,-0.10886851283511692
7794,7795,-0.10886851824526984
7795,7796,-0.10886852365398572
7796,7797,-0.1088685290612651
7797,7798,-0.10886853446710856
7798,7799,-0.10886853987151666
7799,7800,-0.10886854527449
7800,7801,-0.10886855067602906
7801,7802,-0.10886855607613448
7802,7803,-0.10886856147480678
7803,7804,-0.10886856687204656
7804,7805,-0.10886857226785435
7805,7806,-0.10886857766223075
7806,7807,-0.10886858305517629
7807,7808,-0.10886858844669155
7808,7809,-0.10886859383677706
7809,7810,-0.10886859922543345
7810,7811,-0.10886860461266122
7811,7812,-0.10886860999846094
7812,7813,-0.10886861538283321
7813,7814,-0.10886862076577854
7814,7815,-0.10886862614729755
7815,7816,-0.10886863152739075
7816,7817,-0.10886863690605869
7817,7818,-0.10886864228330197
7818,7819,-0.10886864765912115
7819,7820,-0.10886865303351674
7820,7821,-0.10886865840648936
7821,7822,-0.10886866377803954
7822,7823,-0.10886866914816785
7823,7824,-0.1088686745168748
7824,7825,-0.10886867988416102
7825,7826,-0.108868685250027
7826,7827,-0.10886869061447337
7827,7828,-0.10886869597750062
7828,7829,-0.10886870133910934
7829,7830,-0.10886870669930009
7830,7831,-0.1088687120580734
7831,7832,-0.10886871741542985
7832,7833,-0.10886872277136997
7833,7834,-0.10886872812589433
7834,7835,-0.1088687334790035
7835,7836,-0.10886873883069802
7836,7837,-0.10886874418097846
7837,7838,-0.10886874952984534
7838,7839,-0.10886875487729925
7839,7840,-0.1088687602233407
7840,7841,-0.10886876556797026
7841,7842,-0.10886877091118854
7842,7843,-0.10886877625299601
7843,7844,-0.10886878159339326
7844,7845,-0.10886878693238083
7845,7846,-0.1088687922699593
7846,7847,-0.10886879760612919
7847,7848,-0.10886880294089106
7848,7849,-0.10886880827424547
7849,7850,-0.10886881360619295
7850,7851,-0.10886881893673407
7851,7852,-0.1088688242658694
7852,7853,-0.10886882959359943
7853,7854,-0.10886883491992476
7854,7855,-0.10886884024484593
7855,7856,-0.10886884556836345
7856,7857,-0.10886885089047792
7857,7858,-0.10886885621118986
7858,7859,-0.10886886153049984
7859,7860,-0.10886886684840838
7860,7861,-0.10886887216491604
7861,7862,-0.10886887748002337
7862,7863,-0.10886888279373093
7863,7864,-0.10886888810603923
7864,7865,-0.10886889341694882
7865,7866,-0.10886889872646031
7866,7867,-0.10886890403457417
7867,7868,-0.10886890934129098
7868,7869,-0.10886891464661128
7869,7870,-0.1088689199505356
7870,7871,-0.10886892525306453
7871,7872,-0.10886893055419858
7872,7873,-0.10886893585393827
7873,7874,-0.10886894115228417
7874,7875,-0.10886894644923684
7875,7876,-0.1088689517447968
7876,7877,-0.1088689570389646
7877,7878,-0.1088689623317408
7878,7879,-0.1088689676231259
7879,7880,-0.10886897291312048
7880,7881,-0.10886897820172506
7881,7882,-0.1088689834889402
7882,7883,-0.10886898877476642
7883,7884,-0.10886899405920428
7884,7885,-0.10886899934225433
7885,7886,-0.10886900462391706
7886,7887,-0.10886900990419306
7887,7888,-0.10886901518308284
7888,7889,-0.108869020460587
7889,7890,-0.10886902573670598
7890,7891,-0.1088690310114404
7891,7892,-0.10886903628479074
7892,7893,-0.10886904155675757
7893,7894,-0.10886904682734146
7894,7895,-0.10886905209654288
7895,7896,-0.10886905736436242
7896,7897,-0.1088690626308006
7897,7898,-0.10886906789585796
7898,7899,-0.10886907315953502
7899,7900,-0.10886907842183231
7900,7901,-0.1088690836827504
7901,7902,-0.10886908894228982
7902,7903,-0.1088690942004511
7903,7904,-0.10886909945723477
7904,7905,-0.10886910471264137
7905,7906,-0.1088691099666714
7906,7907,-0.10886911521932548
7907,7908,-0.10886912047060403
7908,7909,-0.10886912572050769
7909,7910,-0.10886913096903693
7910,7911,-0.1088691362161923
7911,7912,-0.10886914146197436
7912,7913,-0.10886914670638359
7913,7914,-0.10886915194942055
7914,7915,-0.10886915719108581
7915,7916,-0.10886916243137983
7916,7917,-0.10886916767030316
7917,7918,-0.10886917290785639
7918,7919,-0.10886917814403999
7919,7920,-0.1088691833788545
7920,7921,-0.10886918861230047
7921,7922,-0.10886919384437842
7922,7923,-0.10886919907508888
7923,7924,-0.10886920430443241
7924,7925,-0.10886920953240947
7925,7926,-0.10886921475902063
7926,7927,-0.10886921998426644
7927,7928,-0.10886922520814742
7928,7929,-0.10886923043066406
7929,7930,-0.10886923565181694
7930,7931,-0.10886924087160653
7931,7932,-0.10886924609003343
7932,7933,-0.1088692513070981
7933,7934,-0.1088692565228011
7934,7935,-0.10886926173714297
7935,7936,-0.10886926695012421
7936,7937,-0.10886927216174533
7937,7938,-0.1088692773720069
7938,7939,-0.10886928258090943
7939,7940,-0.10886928778845345
7940,7941,-0.10886929299463946
7941,7942,-0.10886929819946801
7942,7943,-0.10886930340293961
7943,7944,-0.10886930860505481
7944,7945,-0.10886931380581413
7945,7946,-0.10886931900521804
7946,7947,-0.10886932420326711
7947,7948,-0.10886932939996188
7948,7949,-0.10886933459530285
7949,7950,-0.10886933978929053
7950,7951,-0.10886934498192545
7951,7952,-0.10886935017320816
7952,7953,-0.10886935536313916
7953,7954,-0.10886936055171896
7954,7955,-0.10886936573894809
7955,7956,-0.10886937092482706
7956,7957,-0.10886937610935643
7957,7958,-0.10886938129253669
7958,7959,-0.10886938647436836
7959,7960,-0.10886939165485199
7960,7961,-0.10886939683398805
7961,7962,-0.10886940201177711
7962,7963,-0.10886940718821966
7963,7964,-0.10886941236331622
7964,7965,-0.10886941753706733
7965,7966,-0.10886942270947345
7966,7967,-0.10886942788053518
7967,7968,-0.10886943305025297
7968,7969,-0.10886943821862742
7969,7970,-0.10886944338565895
7970,7971,-0.10886944855134814
7971,7972,-0.10886945371569548
7972,7973,-0.10886945887870149
7973,7974,-0.10886946404036671
7974,7975,-0.10886946920069163
7975,7976,-0.10886947435967677
7976,7977,-0.10886947951732266
7977,7978,-0.1088694846736298
7978,7979,-0.10886948982859869
7979,7980,-0.10886949498222989
7980,7981,-0.1088695001345239
7981,7982,-0.1088695052854812
7982,7983,-0.10886951043510235
7983,7984,-0.10886951558338782
7984,7985,-0.10886952073033818
7985,7986,-0.10886952587595387
7986,7987,-0.10886953102023547
7987,7988,-0.10886953616318347
7988,7989,-0.10886954130479835
7989,7990,-0.10886954644508066
7990,7991,-0.10886955158403092
7991,7992,-0.10886955672164961
7992,7993,-0.10886956185793724
7993,7994,-0.10886956699289438
7994,7995,-0.10886957212652146
7995,7996,-0.10886957725881904
7996,7997,-0.10886958238978761
7997,7998,-0.10886958751942773
7998,7999,-0.10886959264773984
7999,8000,-0.10886959777472448
8000,8001,-0.10886960290038214
8001,8002,-0.10886960802471338
8002,8003,-0.10886961314771866
8003,8004,-0.1088696182693985
8004,8005,-0.10886962338975341
8005,8006,-0.10886962850878394
8006,8007,-0.1088696336264905
8007,8008,-0.10886963874287371
8008,8009,-0.10886964385793399
8009,8010,-0.10886964897167191
8010,8011,-0.10886965408408794
8011,8012,-0.10886965919518259
8012,8013,-0.10886966430495636
8013,8014,-0.10886966941340977
8014,8015,-0.10886967452054334
8015,8016,-0.10886967962635756
8016,8017,-0.10886968473085294
8017,8018,-0.10886968983402995
8018,8019,-0.10886969493588915
8019,8020,-0.10886970003643101
8020,8021,-0.10886970513565604
8021,8022,-0.10886971023356475
8022,8023,-0.10886971533015764
8023,8024,-0.1088697204254352
8024,8025,-0.10886972551939798
8025,8026,-0.10886973061204644
8026,8027,-0.1088697357033811
8027,8028,-0.10886974079340243
8028,8029,-0.10886974588211097
8029,8030,-0.10886975096950721
8030,8031,-0.10886975605559167
8031,8032,-0.10886976114036481
8032,8033,-0.10886976622382714
8033,8034,-0.10886977130597922
8034,8035,-0.10886977638682149
8035,8036,-0.10886978146635447
8036,8037,-0.10886978654457864
8037,8038,-0.10886979162149453
8038,8039,-0.10886979669710263
8039,8040,-0.10886980177140342
8040,8041,-0.10886980684439741
8041,8042,-0.10886981191608514
8042,8043,-0.10886981698646706
8043,8044,-0.10886982205554366
8044,8045,-0.10886982712331546
8045,8046,-0.10886983218978298
8046,8047,-0.1088698372549467
8047,8048,-0.10886984231880709
8048,8049,-0.10886984738136468
8049,8050,-0.10886985244261996
8050,8051,-0.10886985750257343
8051,8052,-0.10886986256122556
8052,8053,-0.10886986761857688
8053,8054,-0.10886987267462787
8054,8055,-0.10886987772937903
8055,8056,-0.10886988278283086
8056,8057,-0.10886988783498382
8057,8058,-0.10886989288583845
8058,8059,-0.10886989793539525
8059,8060,-0.10886990298365468
8060,8061,-0.10886990803061723
8061,8062,-0.10886991307628341
8062,8063,-0.10886991812065373
8063,8064,-0.10886992316372869
8064,8065,-0.10886992820550873
8065,8066,-0.1088699332459944
8066,8067,-0.10886993828518612
8067,8068,-0.10886994332308446
8068,8069,-0.10886994835968987
8069,8070,-0.10886995339500286
8070,8071,-0.10886995842902393
8071,8072,-0.10886996346175354
8072,8073,-0.1088699684931922
8073,8074,-0.1088699735233404
8074,8075,-0.10886997855219863
8075,8076,-0.10886998357976738
8076,8077,-0.10886998860604713
8077,8078,-0.10886999363103839
8078,8079,-0.10886999865474163
8079,8080,-0.10887000367715736
8080,8081,-0.10887000869828607
8081,8082,-0.10887001371812824
8082,8083,-0.10887001873668432
8083,8084,-0.10887002375395487
8084,8085,-0.10887002876994031
8085,8086,-0.10887003378464119
8086,8087,-0.10887003879805796
8087,8088,-0.10887004381019112
8088,8089,-0.10887004882104113
8089,8090,-0.10887005383060852
8090,8091,-0.10887005883889378
8091,8092,-0.10887006384589734
8092,8093,-0.10887006885161972
8093,8094,-0.10887007385606144
8094,8095,-0.10887007885922292
8095,8096,-0.10887008386110467
8096,8097,-0.1088700888617072
8097,8098,-0.10887009386103098
8098,8099,-0.1088700988590765
8099,8100,-0.10887010385584424
8100,8101,-0.10887010885133466
8101,8102,-0.10887011384554826
8102,8103,-0.10887011883848556
8103,8104,-0.10887012383014699
8104,8105,-0.10887012882053307
8105,8106,-0.10887013380964426
8106,8107,-0.10887013879748106
8107,8108,-0.10887014378404397
8108,8109,-0.1088701487693334
8109,8110,-0.10887015375334991
8110,8111,-0.10887015873609393
8111,8112,-0.108870163717566
8112,8113,-0.10887016869776653
8113,8114,-0.10887017367669605
8114,8115,-0.10887017865435503
8115,8116,-0.10887018363074392
8116,8117,-0.10887018860586324
8117,8118,-0.10887019357971349
8118,8119,-0.1088701985522951
8119,8120,-0.10887020352360856
8120,8121,-0.10887020849365438
8121,8122,-0.10887021346243297
8122,8123,-0.1088702184299449
8123,8124,-0.1088702233961906
8124,8125,-0.10887022836117052
8125,8126,-0.1088702333248852
8126,8127,-0.10887023828733511
8127,8128,-0.10887024324852068
8128,8129,-0.10887024820844242
8129,8130,-0.1088702531671008
8130,8131,-0.10887025812449629
8131,8132,-0.10887026308062939
8132,8133,-0.10887026803550057
8133,8134,-0.1088702729891103
8134,8135,-0.10887027794145902
8135,8136,-0.10887028289254728
8136,8137,-0.1088702878423755
8137,8138,-0.10887029279094418
8138,8139,-0.1088702977382538
8139,8140,-0.10887030268430478
8140,8141,-0.10887030762909769
8141,8142,-0.10887031257263292
8142,8143,-0.108870317514911
8143,8144,-0.10887032245593237
8144,8145,-0.10887032739569749
8145,8146,-0.10887033233420688
8146,8147,-0.10887033727146099
8147,8148,-0.1088703422074603
8148,8149,-0.10887034714220527
8149,8150,-0.10887035207569638
8150,8151,-0.1088703570079341
8151,8152,-0.1088703619389189
8152,8153,-0.10887036686865129
8153,8154,-0.10887037179713167
8154,8155,-0.10887037672436056
8155,8156,-0.10887038165033844
8156,8157,-0.10887038657506573
8157,8158,-0.10887039149854295
8158,8159,-0.10887039642077052
8159,8160,-0.108870401341749
8160,8161,-0.10887040626147876
8161,8162,-0.10887041117996032
8162,8163,-0.10887041609719415
8163,8164,-0.1088704210131807
8164,8165,-0.10887042592792046
8165,8166,-0.1088704308414139
8166,8167,-0.10887043575366147
8167,8168,-0.10887044066466364
8168,8169,-0.10887044557442088
8169,8170,-0.10887045048293369
8170,8171,-0.10887045539020249
8171,8172,-0.10887046029622775
8172,8173,-0.10887046520100999
8173,8174,-0.10887047010454962
8174,8175,-0.10887047500684711
8175,8176,-0.108870479907903
8176,8177,-0.10887048480771766
8177,8178,-0.10887048970629162
8178,8179,-0.1088704946036253
8179,8180,-0.10887049949971919
8180,8181,-0.10887050439457378
8181,8182,-0.1088705092881895
8182,8183,-0.10887051418056683
8183,8184,-0.10887051907170621
8184,8185,-0.10887052396160814
8185,8186,-0.10887052885027305
8186,8187,-0.10887053373770145
8187,8188,-0.10887053862389376
8188,8189,-0.10887054350885043
8189,8190,-0.10887054839257199
8190,8191,-0.10887055327505886
8191,8192,-0.1088705581563115
8192,8193,-0.10887056303633037
8193,8194,-0.10887056791511597
8194,8195,-0.10887057279266871
8195,8196,-0.10887057766898911
8196,8197,-0.10887058254407754
8197,8198,-0.10887058741793458
8198,8199,-0.10887059229056062
8199,8200,-0.1088705971619561
8200,8201,-0.10887060203212154
8201,8202,-0.10887060690105739
8202,8203,-0.10887061176876404
8203,8204,-0.10887061663524204
8204,8205,-0.10887062150049183
8205,8206,-0.10887062636451383
8206,8207,-0.10887063122730851
8207,8208,-0.10887063608887639
8208,8209,-0.10887064094921786
8209,8210,-0.10887064580833339
8210,8211,-0.10887065066622345
8211,8212,-0.10887065552288851
8212,8213,-0.10887066037832899
8213,8214,-0.10887066523254539
8214,8215,-0.10887067008553813
8215,8216,-0.10887067493730772
8216,8217,-0.10887067978785456
8217,8218,-0.10887068463717915
8218,8219,-0.1088706894852819
8219,8220,-0.10887069433216334
8220,8221,-0.10887069917782383
8221,8222,-0.10887070402226391
8222,8223,-0.108870708865484
8223,8224,-0.10887071370748454
8224,8225,-0.10887071854826602
8225,8226,-0.10887072338782888
8226,8227,-0.10887072822617358
8227,8228,-0.10887073306330056
8228,8229,-0.10887073789921028
8229,8230,-0.1088707427339032
8230,8231,-0.10887074756737974
8231,8232,-0.10887075239964042
8232,8233,-0.10887075723068568
8233,8234,-0.10887076206051591
8234,8235,-0.10887076688913162
8235,8236,-0.10887077171653325
8236,8237,-0.10887077654272125
8237,8238,-0.10887078136769605
8238,8239,-0.10887078619145814
8239,8240,-0.10887079101400798
8240,8241,-0.10887079583534597
8241,8242,-0.10887080065547261
8242,8243,-0.10887080547438832
8243,8244,-0.10887081029209356
8244,8245,-0.10887081510858877
8245,8246,-0.10887081992387443
8246,8247,-0.10887082473795097
8247,8248,-0.10887082955081885
8248,8249,-0.10887083436247852
8249,8250,-0.10887083917293042
8250,8251,-0.10887084398217499
8251,8252,-0.1088708487902127
8252,8253,-0.10887085359704401
8253,8254,-0.10887085840266932
8254,8255,-0.10887086320708914
8255,8256,-0.10887086801030386
8256,8257,-0.10887087281231397
8257,8258,-0.1088708776131199
8258,8259,-0.10887088241272214
8259,8260,-0.10887088721112105
8260,8261,-0.10887089200831715
8261,8262,-0.10887089680431086
8262,8263,-0.1088709015991026
8263,8264,-0.10887090639269288
8264,8265,-0.10887091118508213
8265,8266,-0.10887091597627074
8266,8267,-0.10887092076625922
8267,8268,-0.108870925555048
8268,8269,-0.1088709303426375
8269,8270,-0.10887093512902818
8270,8271,-0.1088709399142205
8271,8272,-0.10887094469821489
8272,8273,-0.10887094948101178
8273,8274,-0.10887095426261166
8274,8275,-0.10887095904301493
8275,8276,-0.10887096382222207
8276,8277,-0.10887096860023349
8277,8278,-0.10887097337704964
8278,8279,-0.10887097815267098
8279,8280,-0.10887098292709793
8280,8281,-0.10887098770033096
8281,8282,-0.10887099247237049
8282,8283,-0.108870997243217
8283,8284,-0.1088710020128709
8284,8285,-0.1088710067813326
8285,8286,-0.10887101154860261
8286,8287,-0.10887101631468134
8287,8288,-0.10887102107956921
8288,8289,-0.10887102584326669
8289,8290,-0.10887103060577424
8290,8291,-0.10887103536709224
8291,8292,-0.10887104012722115
8292,8293,-0.10887104488616149
8293,8294,-0.1088710496439136
8294,8295,-0.10887105440047794
8295,8296,-0.10887105915585499
8296,8297,-0.10887106391004518
8297,8298,-0.1088710686630489
8298,8299,-0.10887107341486663
8299,8300,-0.10887107816549878
8300,8301,-0.10887108291494582
8301,8302,-0.10887108766320823
8302,8303,-0.10887109241028636
8303,8304,-0.1088710971561807
8304,8305,-0.10887110190089165
8305,8306,-0.10887110664441968
8306,8307,-0.10887111138676521
8307,8308,-0.10887111612792869
8308,8309,-0.10887112086791055
8309,8310,-0.10887112560671126
8310,8311,-0.10887113034433119
8311,8312,-0.10887113508077081
8312,8313,-0.10887113981603057
8313,8314,-0.10887114455011088
8314,8315,-0.10887114928301218
8315,8316,-0.10887115401473495
8316,8317,-0.10887115874527958
8317,8318,-0.10887116347464648
8318,8319,-0.10887116820283615
8319,8320,-0.10887117292984899
8320,8321,-0.10887117765568546
8321,8322,-0.10887118238034593
8322,8323,-0.1088711871038309
8323,8324,-0.10887119182614079
8324,8325,-0.10887119654727599
8325,8326,-0.10887120126723698
8326,8327,-0.10887120598602419
8327,8328,-0.10887121070363803
8328,8329,-0.10887121542007897
8329,8330,-0.1088712201353474
8330,8331,-0.10887122484944375
8331,8332,-0.10887122956236849
8332,8333,-0.10887123427412203
8333,8334,-0.10887123898470481
8334,8335,-0.10887124369411727
8335,8336,-0.10887124840235982
8336,8337,-0.10887125310943288
8337,8338,-0.10887125781533694
8338,8339,-0.10887126252007236
8339,8340,-0.1088712672236396
8340,8341,-0.10887127192603907
8341,8342,-0.10887127662727128
8342,8343,-0.10887128132733656
8343,8344,-0.10887128602623536
8344,8345,-0.10887129072396817
8345,8346,-0.10887129542053535
8346,8347,-0.10887130011593737
8347,8348,-0.10887130481017467
8348,8349,-0.10887130950324761
8349,8350,-0.1088713141951567
8350,8351,-0.10887131888590229
8351,8352,-0.10887132357548487
8352,8353,-0.10887132826390485
8353,8354,-0.10887133295116266
8354,8355,-0.10887133763725869
8355,8356,-0.10887134232219343
8356,8357,-0.10887134700596725
8357,8358,-0.10887135168858063
8358,8359,-0.10887135637003394
8359,8360,-0.10887136105032764
8360,8361,-0.10887136572946216
8361,8362,-0.10887137040743791
8362,8363,-0.10887137508425533
8363,8364,-0.10887137975991479
8364,8365,-0.10887138443441681
8365,8366,-0.10887138910776176
8366,8367,-0.10887139377995009
8367,8368,-0.10887139845098216
8368,8369,-0.10887140312085847
8369,8370,-0.10887140778957939
8370,8371,-0.10887141245714538
8371,8372,-0.10887141712355686
8372,8373,-0.10887142178881422
8373,8374,-0.10887142645291795
8374,8375,-0.10887143111586838
8375,8376,-0.10887143577766603
8376,8377,-0.10887144043831126
8377,8378,-0.10887144509780448
8378,8379,-0.1088714497561462
8379,8380,-0.10887145441333673
8380,8381,-0.10887145906937658
8381,8382,-0.10887146372426612
8382,8383,-0.10887146837800578
8383,8384,-0.10887147303059604
8384,8385,-0.10887147768203723
8385,8386,-0.10887148233232981
8386,8387,-0.10887148698147418
8387,8388,-0.10887149162947082
8388,8389,-0.10887149627632012
8389,8390,-0.10887150092202245
8390,8391,-0.10887150556657832
8391,8392,-0.10887151020998809
8392,8393,-0.10887151485225217
8393,8394,-0.10887151949337104
8394,8395,-0.10887152413334504
8395,8396,-0.10887152877217464
8396,8397,-0.10887153340986024
8397,8398,-0.10887153804640229
8398,8399,-0.10887154268180117
8399,8400,-0.1088715473160573
8400,8401,-0.10887155194917114
8401,8402,-0.10887155658114307
8402,8403,-0.1088715612119735
8403,8404,-0.10887156584166287
8404,8405,-0.10887157047021155
8405,8406,-0.10887157509762005
8406,8407,-0.10887157972388872
8407,8408,-0.10887158434901799
8408,8409,-0.10887158897300823
8409,8410,-0.10887159359585996
8410,8411,-0.10887159821757353
8411,8412,-0.10887160283814933
8412,8413,-0.10887160745758781
8413,8414,-0.1088716120758894
8414,8415,-0.1088716166930545
8415,8416,-0.10887162130908352
8416,8417,-0.10887162592397688
8417,8418,-0.10887163053773498
8418,8419,-0.10887163515035825
8419,8420,-0.1088716397618471
8420,8421,-0.10887164437220194
8421,8422,-0.10887164898142318
8422,8423,-0.10887165358951124
8423,8424,-0.10887165819646658
8424,8425,-0.1088716628022895
8425,8426,-0.10887166740698051
8426,8427,-0.10887167201053999
8427,8428,-0.10887167661296834
8428,8429,-0.10887168121426603
8429,8430,-0.10887168581443339
8430,8431,-0.10887169041347088
8431,8432,-0.10887169501137889
8432,8433,-0.10887169960815786
8433,8434,-0.10887170420380816
8434,8435,-0.10887170879833025
8435,8436,-0.10887171339172451
8436,8437,-0.10887171798399135
8437,8438,-0.10887172257513118
8438,8439,-0.10887172716514443
8439,8440,-0.1088717317540315
8440,8441,-0.10887173634179279
8441,8442,-0.1088717409284287
8442,8443,-0.10887174551393969
8443,8444,-0.1088717500983261
8444,8445,-0.10887175468158838
8445,8446,-0.10887175926372697
8446,8447,-0.10887176384474222
8447,8448,-0.10887176842463454
8448,8449,-0.10887177300340438
8449,8450,-0.10887177758105213
8450,8451,-0.10887178215757817
8451,8452,-0.10887178673298295
8452,8453,-0.10887179130726683
8453,8454,-0.10887179588043028
8454,8455,-0.10887180045247366
8455,8456,-0.10887180502339741
8456,8457,-0.10887180959320189
8457,8458,-0.10887181416188756
8458,8459,-0.10887181872945477
8459,8460,-0.10887182329590396
8460,8461,-0.10887182786123553
8461,8462,-0.10887183242544993
8462,8463,-0.10887183698854747
8463,8464,-0.10887184155052865
8464,8465,-0.1088718461113938
8465,8466,-0.10887185067114336
8466,8467,-0.10887185522977774
8467,8468,-0.10887185978729735
8468,8469,-0.10887186434370255
8469,8470,-0.1088718688989938
8470,8471,-0.10887187345317148
8471,8472,-0.10887187800623599
8472,8473,-0.10887188255818774
8473,8474,-0.10887188710902711
8474,8475,-0.10887189165875455
8475,8476,-0.10887189620737042
8476,8477,-0.10887190075487516
8477,8478,-0.10887190530126911
8478,8479,-0.10887190984655273
8479,8480,-0.10887191439072644
8480,8481,-0.10887191893379058
8481,8482,-0.10887192347574559
8482,8483,-0.10887192801659185
8483,8484,-0.10887193255632978
8484,8485,-0.10887193709495978
8485,8486,-0.10887194163248223
8486,8487,-0.10887194616889756
8487,8488,-0.10887195070420615
8488,8489,-0.1088719552384084
8489,8490,-0.10887195977150473
8490,8491,-0.10887196430349554
8491,8492,-0.10887196883438119
8492,8493,-0.10887197336416211
8493,8494,-0.10887197789283871
8494,8495,-0.10887198242041136
8495,8496,-0.1088719869468805
8496,8497,-0.1088719914722465
8497,8498,-0.10887199599650974
8498,8499,-0.10887200051967065
8499,8500,-0.10887200504172963
8500,8501,-0.10887200956268707
8501,8502,-0.10887201408254334
8502,8503,-0.1088720186012989
8503,8504,-0.10887202311895408
8504,8505,-0.10887202763550934
8505,8506,-0.10887203215096501
8506,8507,-0.10887203666532157
8507,8508,-0.10887204117857932
8508,8509,-0.10887204569073874
8509,8510,-0.10887205020180017
8510,8511,-0.10887205471176403
8511,8512,-0.10887205922063074
8512,8513,-0.10887206372840066
8513,8514,-0.1088720682350742
8514,8515,-0.10887207274065172
8515,8516,-0.10887207724513369
8516,8517,-0.10887208174852044
8517,8518,-0.10887208625081242
8518,8519,-0.10887209075200997
8519,8520,-0.10887209525211348
8520,8521,-0.10887209975112341
8521,8522,-0.1088721042490401
8522,8523,-0.10887210874586396
8523,8524,-0.10887211324159539
8524,8525,-0.10887211773623476
8525,8526,-0.10887212222978251
8526,8527,-0.108872126722239
8527,8528,-0.1088721312136046
8528,8529,-0.10887213570387974
8529,8530,-0.10887214019306479
8530,8531,-0.10887214468116019
8531,8532,-0.10887214916816629
8532,8533,-0.10887215365408347
8533,8534,-0.10887215813891217
8534,8535,-0.10887216262265272
8535,8536,-0.10887216710530556
8536,8537,-0.10887217158687108
8537,8538,-0.10887217606734961
8538,8539,-0.10887218054674165
8539,8540,-0.1088721850250475
8540,8541,-0.10887218950226758
8541,8542,-0.10887219397840228
8542,8543,-0.108872198453452
8543,8544,-0.10887220292741713
8544,8545,-0.10887220740029802
8545,8546,-0.10887221187209511
8546,8547,-0.10887221634280878
8547,8548,-0.1088722208124394
8548,8549,-0.10887222528098735
8549,8550,-0.10887222974845304
8550,8551,-0.10887223421483688
8551,8552,-0.1088722386801392
8552,8553,-0.10887224314436046
8553,8554,-0.108872247607501
8554,8555,-0.10887225206956122
8555,8556,-0.10887225653054151
8556,8557,-0.10887226099044225
8557,8558,-0.10887226544926384
8558,8559,-0.10887226990700664
8559,8560,-0.10887227436367108
8560,8561,-0.10887227881925751
8561,8562,-0.10887228327376636
8562,8563,-0.10887228772719795
8563,8564,-0.10887229217955272
8564,8565,-0.10887229663083103
8565,8566,-0.10887230108103328
8566,8567,-0.10887230553015988
8567,8568,-0.10887230997821117
8568,8569,-0.10887231442518755
8569,8570,-0.10887231887108939
8570,8571,-0.10887232331591713
8571,8572,-0.1088723277596711
8572,8573,-0.10887233220235168
8573,8574,-0.1088723366439593
8574,8575,-0.10887234108449434
8575,8576,-0.10887234552395716
8576,8577,-0.10887234996234813
8577,8578,-0.10887235439966766
8578,8579,-0.10887235883591613
8579,8580,-0.10887236327109394
8580,8581,-0.10887236770520144
8581,8582,-0.10887237213823903
8582,8583,-0.10887237657020707
8583,8584,-0.10887238100110598
8584,8585,-0.10887238543093615
8585,8586,-0.10887238985969794
8586,8587,-0.10887239428739169
8587,8588,-0.10887239871401784
8588,8589,-0.10887240313957677
8589,8590,-0.10887240756406884
8590,8591,-0.10887241198749444
8591,8592,-0.10887241640985394
8592,8593,-0.1088724208311477
8593,8594,-0.10887242525137616
8594,8595,-0.10887242967053971
8595,8596,-0.10887243408863864
8596,8597,-0.10887243850567342
8597,8598,-0.10887244292164437
8598,8599,-0.10887244733655191
8599,8600,-0.10887245175039638
8600,8601,-0.10887245616317821
8601,8602,-0.10887246057489774
8602,8603,-0.10887246498555538
8603,8604,-0.10887246939515144
8604,8605,-0.10887247380368639
8605,8606,-0.10887247821116054
8606,8607,-0.10887248261757436
8607,8608,-0.10887248702292811
8608,8609,-0.10887249142722223
8609,8610,-0.10887249583045712
8610,8611,-0.10887250023263312
8611,8612,-0.1088725046337506
8612,8613,-0.10887250903380997
8613,8614,-0.1088725134328116
8614,8615,-0.10887251783075585
8615,8616,-0.1088725222276431
8616,8617,-0.10887252662347373
8617,8618,-0.10887253101824815
8618,8619,-0.10887253541196669
8619,8620,-0.10887253980462974
8620,8621,-0.10887254419623768
8621,8622,-0.1088725485867909
8622,8623,-0.10887255297628974
8623,8624,-0.1088725573647346
8624,8625,-0.10887256175212588
8625,8626,-0.10887256613846391
8626,8627,-0.10887257052374907
8627,8628,-0.10887257490798177
8628,8629,-0.10887257929116233
8629,8630,-0.10887258367329118
8630,8631,-0.10887258805436868
8631,8632,-0.10887259243439516
8632,8633,-0.10887259681337107
8633,8634,-0.10887260119129674
8634,8635,-0.10887260556817252
8635,8636,-0.10887260994399885
8636,8637,-0.10887261431877603
8637,8638,-0.10887261869250446
8638,8639,-0.10887262306518455
8639,8640,-0.10887262743681662
8640,8641,-0.10887263180740107
8641,8642,-0.10887263617693828
8642,8643,-0.10887264054542858
8643,8644,-0.10887264491287242
8644,8645,-0.10887264927927011
8645,8646,-0.10887265364462201
8646,8647,-0.10887265800892854
8647,8648,-0.10887266237219002
8648,8649,-0.10887266673440688
8649,8650,-0.10887267109557945
8650,8651,-0.10887267545570813
8651,8652,-0.10887267981479325
8652,8653,-0.10887268417283519
8653,8654,-0.10887268852983437
8654,8655,-0.1088726928857911
8655,8656,-0.10887269724070577
8656,8657,-0.10887270159457876
8657,8658,-0.10887270594741044
8658,8659,-0.10887271029920116
8659,8660,-0.10887271464995131
8660,8661,-0.10887271899966126
8661,8662,-0.10887272334833135
8662,8663,-0.10887272769596197
8663,8664,-0.1088727320425535
8664,8665,-0.1088727363881063
8665,8666,-0.10887274073262072
8666,8667,-0.10887274507609716
8667,8668,-0.10887274941853596
8668,8669,-0.10887275375993749
8669,8670,-0.10887275810030213
8670,8671,-0.10887276243963025
8671,8672,-0.1088727667779222
8672,8673,-0.10887277111517835
8673,8674,-0.10887277545139909
8674,8675,-0.10887277978658476
8675,8676,-0.10887278412073577
8676,8677,-0.1088727884538524
8677,8678,-0.1088727927859351
8678,8679,-0.10887279711698421
8679,8680,-0.10887280144700008
8680,8681,-0.10887280577598307
8681,8682,-0.1088728101039336
8682,8683,-0.10887281443085199
8683,8684,-0.1088728187567386
8684,8685,-0.10887282308159384
8685,8686,-0.10887282740541798
8686,8687,-0.10887283172821148
8687,8688,-0.10887283604997469
8688,8689,-0.10887284037070795
8689,8690,-0.10887284469041163
8690,8691,-0.10887284900908607
8691,8692,-0.10887285332673169
8692,8693,-0.10887285764334881
8693,8694,-0.1088728619589378
8694,8695,-0.10887286627349904
8695,8696,-0.10887287058703286
8696,8697,-0.10887287489953969
8697,8698,-0.10887287921101982
8698,8699,-0.10887288352147362
8699,8700,-0.1088728878309015
8700,8701,-0.1088728921393038
8701,8702,-0.10887289644668086
8702,8703,-0.10887290075303306
8703,8704,-0.10887290505836077
8704,8705,-0.10887290936266433
8705,8706,-0.10887291366594413
8706,8707,-0.10887291796820052
8707,8708,-0.10887292226943385
8708,8709,-0.10887292656964447
8709,8710,-0.10887293086883278
8710,8711,-0.1088729351669991
8711,8712,-0.10887293946414381
8712,8713,-0.1088729437602673
8713,8714,-0.10887294805536987
8714,8715,-0.10887295234945193
8715,8716,-0.1088729566425138
8716,8717,-0.10887296093455587
8717,8718,-0.10887296522557849
8718,8719,-0.10887296951558201
8719,8720,-0.1088729738045668
8720,8721,-0.10887297809253323
8721,8722,-0.10887298237948162
8722,8723,-0.10887298666541237
8723,8724,-0.10887299095032581
8724,8725,-0.1088729952342223
8725,8726,-0.10887299951710225
8726,8727,-0.10887300379896592
8727,8728,-0.10887300807981376
8728,8729,-0.10887301235964608
8729,8730,-0.10887301663846324
8730,8731,-0.10887302091626562
8731,8732,-0.10887302519305359
8732,8733,-0.10887302946882742
8733,8734,-0.10887303374358757
8734,8735,-0.10887303801733433
8735,8736,-0.10887304229006808
8736,8737,-0.10887304656178917
8737,8738,-0.10887305083249799
8738,8739,-0.10887305510219487
8739,8740,-0.10887305937088013
8740,8741,-0.10887306363855419
8741,8742,-0.10887306790521736
8742,8743,-0.10887307217087
8743,8744,-0.10887307643551251
8744,8745,-0.10887308069914518
8745,8746,-0.10887308496176838
8746,8747,-0.10887308922338253
8747,8748,-0.1088730934839879
8748,8749,-0.10887309774358486
8749,8750,-0.1088731020021738
8750,8751,-0.10887310625975506
8751,8752,-0.108873110516329
8752,8753,-0.10887311477189596
8753,8754,-0.10887311902645629
8754,8755,-0.10887312328001035
8755,8756,-0.10887312753255848
8756,8757,-0.10887313178410109
8757,8758,-0.10887313603463844
8758,8759,-0.10887314028417097
8759,8760,-0.10887314453269896
8760,8761,-0.10887314878022282
8761,8762,-0.10887315302674287
8762,8763,-0.10887315727225948
8763,8764,-0.10887316151677298
8764,8765,-0.10887316576028375
8765,8766,-0.1088731700027921
8766,8767,-0.10887317424429843
8767,8768,-0.10887317848480306
8768,8769,-0.10887318272430636
8769,8770,-0.10887318696280865
8770,8771,-0.10887319120031032
8771,8772,-0.10887319543681169
8772,8773,-0.10887319967231313
8773,8774,-0.10887320390681497
8774,8775,-0.10887320814031759
8775,8776,-0.10887321237282131
8776,8777,-0.10887321660432649
8777,8778,-0.10887322083483347
8778,8779,-0.10887322506434263
8779,8780,-0.10887322929285431
8780,8781,-0.10887323352036883
8781,8782,-0.10887323774688656
8782,8783,-0.10887324197240784
8783,8784,-0.10887324619693305
8784,8785,-0.10887325042046248
8785,8786,-0.10887325464299653
8786,8787,-0.10887325886453553
8787,8788,-0.10887326308507982
8788,8789,-0.10887326730462976
8789,8790,-0.1088732715231857
8790,8791,-0.10887327574074798
8791,8792,-0.10887327995731697
8792,8793,-0.10887328417289294
8793,8794,-0.1088732883874763
8794,8795,-0.10887329260106744
8795,8796,-0.10887329681366661
8796,8797,-0.10887330102527422
8797,8798,-0.1088733052358906
8798,8799,-0.10887330944551608
8799,8800,-0.10887331365415105
8800,8801,-0.1088733178617958
8801,8802,-0.10887332206845071
8802,8803,-0.10887332627411613
8803,8804,-0.10887333047879237
8804,8805,-0.1088733346824798
8805,8806,-0.10887333888517878
8806,8807,-0.10887334308688962
8807,8808,-0.1088733472876127
8808,8809,-0.10887335148734835
8809,8810,-0.10887335568609689
8810,8811,-0.10887335988385871
8811,8812,-0.10887336408063411
8812,8813,-0.10887336827642348
8813,8814,-0.10887337247122712
8814,8815,-0.1088733766650454
8815,8816,-0.10887338085787865
8816,8817,-0.10887338504972723
8817,8818,-0.10887338924059145
8818,8819,-0.10887339343047167
8819,8820,-0.10887339761936828
8820,8821,-0.10887340180728154
8821,8822,-0.10887340599421186
8822,8823,-0.10887341018015954
8823,8824,-0.10887341436512493
8824,8825,-0.1088734185491084
8825,8826,-0.10887342273211024
8826,8827,-0.10887342691413086
8827,8828,-0.10887343109517056
8828,8829,-0.10887343527522966
8829,8830,-0.10887343945430855
8830,8831,-0.10887344363240754
8831,8832,-0.10887344780952699
8832,8833,-0.10887345198566722
8833,8834,-0.10887345616082857
8834,8835,-0.1088734603350114
8835,8836,-0.10887346450821606
8836,8837,-0.10887346868044286
8837,8838,-0.10887347285169212
8838,8839,-0.10887347702196426
8839,8840,-0.10887348119125954
8840,8841,-0.10887348535957836
8841,8842,-0.108873489526921
8842,8843,-0.10887349369328786
8843,8844,-0.10887349785867922
8844,8845,-0.10887350202309547
8845,8846,-0.1088735061865369
8846,8847,-0.10887351034900392
8847,8848,-0.1088735145104968
8848,8849,-0.10887351867101588
8849,8850,-0.10887352283056155
8850,8851,-0.10887352698913409
8851,8852,-0.1088735311467339
8852,8853,-0.10887353530336127
8853,8854,-0.10887353945901655
8854,8855,-0.10887354361370008
8855,8856,-0.10887354776741218
8856,8857,-0.1088735519201532
8857,8858,-0.1088735560719235
8858,8859,-0.1088735602227234
8859,8860,-0.10887356437255323
8860,8861,-0.10887356852141332
8861,8862,-0.10887357266930403
8862,8863,-0.10887357681622566
8863,8864,-0.10887358096217858
8864,8865,-0.10887358510716312
8865,8866,-0.1088735892511796
8866,8867,-0.10887359339422838
8867,8868,-0.10887359753630976
8868,8869,-0.1088736016774241
8869,8870,-0.10887360581757176
8870,8871,-0.108873609956753
8871,8872,-0.10887361409496824
8872,8873,-0.10887361823221772
8873,8874,-0.10887362236850189
8874,8875,-0.10887362650382099
8875,8876,-0.1088736306381754
8876,8877,-0.10887363477156546
8877,8878,-0.10887363890399145
8878,8879,-0.10887364303545376
8879,8880,-0.10887364716595269
8880,8881,-0.1088736512954886
8881,8882,-0.10887365542406179
8882,8883,-0.10887365955167264
8883,8884,-0.10887366367832144
8884,8885,-0.10887366780400853
8885,8886,-0.10887367192873426
8886,8887,-0.10887367605249897
8887,8888,-0.10887368017530295
8888,8889,-0.10887368429714657
8889,8890,-0.10887368841803016
8890,8891,-0.10887369253795402
8891,8892,-0.10887369665691851
8892,8893,-0.10887370077492396
8893,8894,-0.1088737048919707
8894,8895,-0.10887370900805907
8895,8896,-0.10887371312318937
8896,8897,-0.10887371723736194
8897,8898,-0.10887372135057714
8898,8899,-0.10887372546283527
8899,8900,-0.10887372957413667
8900,8901,-0.10887373368448168
8901,8902,-0.10887373779387065
8902,8903,-0.10887374190230384
8903,8904,-0.10887374600978164
8904,8905,-0.10887375011630436
8905,8906,-0.10887375422187233
8906,8907,-0.10887375832648588
8907,8908,-0.10887376243014535
8908,8909,-0.10887376653285105
8909,8910,-0.10887377063460331
8910,8911,-0.10887377473540248
8911,8912,-0.10887377883524887
8912,8913,-0.10887378293414283
8913,8914,-0.10887378703208467
8914,8915,-0.10887379112907469
8915,8916,-0.10887379522511328
8916,8917,-0.10887379932020073
8917,8918,-0.10887380341433739
8918,8919,-0.10887380750752354
8919,8920,-0.10887381159975958
8920,8921,-0.10887381569104577
8921,8922,-0.10887381978138248
8922,8923,-0.10887382387077002
8923,8924,-0.1088738279592087
8924,8925,-0.10887383204669888
8925,8926,-0.10887383613324086
8926,8927,-0.10887384021883502
8927,8928,-0.10887384430348161
8928,8929,-0.10887384838718099
8929,8930,-0.10887385246993352
8930,8931,-0.10887385655173946
8931,8932,-0.10887386063259917
8932,8933,-0.10887386471251298
8933,8934,-0.10887386879148123
8934,8935,-0.1088738728695042
8935,8936,-0.10887387694658224
8936,8937,-0.10887388102271568
8937,8938,-0.10887388509790485
8938,8939,-0.10887388917215007
8939,8940,-0.10887389324545163
8940,8941,-0.10887389731780993
8941,8942,-0.10887390138922522
8942,8943,-0.10887390545969783
8943,8944,-0.10887390952922815
8944,8945,-0.10887391359781645
8945,8946,-0.10887391766546305
8946,8947,-0.10887392173216827
8947,8948,-0.10887392579793248
8948,8949,-0.10887392986275594
8949,8950,-0.10887393392663905
8950,8951,-0.10887393798958207
8951,8952,-0.10887394205158536
8952,8953,-0.1088739461126492
8953,8954,-0.10887395017277395
8954,8955,-0.10887395423195992
8955,8956,-0.10887395829020743
8956,8957,-0.1088739623475168
8957,8958,-0.10887396640388836
8958,8959,-0.10887397045932244
8959,8960,-0.10887397451381932
8960,8961,-0.10887397856737936
8961,8962,-0.1088739826200029
8962,8963,-0.10887398667169021
8963,8964,-0.10887399072244164
8964,8965,-0.10887399477225751
8965,8966,-0.10887399882113814
8966,8967,-0.10887400286908383
8967,8968,-0.10887400691609492
8968,8969,-0.10887401096217175
8969,8970,-0.1088740150073146
8970,8971,-0.10887401905152379
8971,8972,-0.1088740230947997
8972,8973,-0.10887402713714257
8973,8974,-0.10887403117855278
8974,8975,-0.10887403521903061
8975,8976,-0.1088740392585764
8976,8977,-0.10887404329719047
8977,8978,-0.10887404733487314
8978,8979,-0.10887405137162473
8979,8980,-0.10887405540744553
8980,8981,-0.1088740594423359
8981,8982,-0.1088740634762961
8982,8983,-0.1088740675093265
8983,8984,-0.10887407154142743
8984,8985,-0.10887407557259916
8985,8986,-0.10887407960284207
8986,8987,-0.10887408363215641
8987,8988,-0.1088740876605425
8988,8989,-0.10887409168800073
8989,8990,-0.10887409571453134
8990,8991,-0.10887409974013469
8991,8992,-0.10887410376481108
8992,8993,-0.10887410778856083
8993,8994,-0.10887411181138427
8994,8995,-0.10887411583328169
8995,8996,-0.10887411985425345
8996,8997,-0.10887412387429982
8997,8998,-0.10887412789342112
8998,8999,-0.10887413191161768
8999,9000,-0.10887413592888984
9000,9001,-0.10887413994523785
9001,9002,-0.1088741439606621
9002,9003,-0.10887414797516287
9003,9004,-0.10887415198874048
9004,9005,-0.10887415600139524
9005,9006,-0.1088741600131275
9006,9007,-0.10887416402393751
9007,9008,-0.10887416803382559
9008,9009,-0.10887417204279211
9009,9010,-0.10887417605083735
9010,9011,-0.10887418005796165
9011,9012,-0.10887418406416527
9012,9013,-0.10887418806944861
9013,9014,-0.1088741920738119
9014,9015,-0.10887419607725546
9015,9016,-0.10887420007977966
9016,9017,-0.1088742040813848
9017,9018,-0.10887420808207117
9018,9019,-0.10887421208183908
9019,9020,-0.10887421608068885
9020,9021,-0.10887422007862078
9021,9022,-0.10887422407563523
9022,9023,-0.10887422807173247
9023,9024,-0.10887423206691282
9024,9025,-0.10887423606117659
9025,9026,-0.10887424005452412
9026,9027,-0.10887424404695568
9027,9028,-0.10887424803847161
9028,9029,-0.10887425202907221
9029,9030,-0.10887425601875779
9030,9031,-0.10887426000752869
9031,9032,-0.10887426399538518
9032,9033,-0.10887426798232759
9033,9034,-0.10887427196835624
9034,9035,-0.10887427595347142
9035,9036,-0.10887427993767346
9036,9037,-0.10887428392096267
9037,9038,-0.10887428790333933
9038,9039,-0.10887429188480378
9039,9040,-0.10887429586535634
9040,9041,-0.10887429984499732
9041,9042,-0.10887430382372697
9042,9043,-0.10887430780154568
9043,9044,-0.10887431177845372
9044,9045,-0.10887431575445136
9045,9046,-0.108874319729539
9046,9047,-0.10887432370371687
9047,9048,-0.10887432767698534
9048,9049,-0.10887433164934467
9049,9050,-0.10887433562079521
9050,9051,-0.10887433959133723
9051,9052,-0.10887434356097103
9052,9053,-0.10887434752969698
9053,9054,-0.10887435149751534
9054,9055,-0.10887435546442643
9055,9056,-0.10887435943043058
9056,9057,-0.10887436339552806
9057,9058,-0.10887436735971918
9058,9059,-0.10887437132300429
9059,9060,-0.10887437528538364
9060,9061,-0.10887437924685757
9061,9062,-0.10887438320742643
9062,9063,-0.10887438716709044
9063,9064,-0.10887439112584996
9064,9065,-0.10887439508370526
9065,9066,-0.1088743990406567
9066,9067,-0.10887440299670455
9067,9068,-0.10887440695184912
9068,9069,-0.10887441090609072
9069,9070,-0.10887441485942966
9070,9071,-0.10887441881186624
9071,9072,-0.10887442276340077
9072,9073,-0.10887442671403355
9073,9074,-0.10887443066376488
9074,9075,-0.10887443461259509
9075,9076,-0.10887443856052446
9076,9077,-0.10887444250755332
9077,9078,-0.10887444645368195
9078,9079,-0.10887445039891068
9079,9080,-0.10887445434323977
9080,9081,-0.1088744582866696
9081,9082,-0.10887446222920037
9082,9083,-0.10887446617083246
9083,9084,-0.10887447011156619
9084,9085,-0.10887447405140181
9085,9086,-0.10887447799033964
9086,9087,-0.10887448192837999
9087,9088,-0.10887448586552319
9088,9089,-0.10887448980176946
9089,9090,-0.1088744937371192
9090,9091,-0.10887449767157269
9091,9092,-0.10887450160513017
9092,9093,-0.10887450553779199
9093,9094,-0.10887450946955846
9094,9095,-0.10887451340042989
9095,9096,-0.10887451733040657
9096,9097,-0.10887452125948878
9097,9098,-0.10887452518767686
9098,9099,-0.10887452911497107
9099,9100,-0.10887453304137175
9100,9101,-0.1088745369668792
9101,9102,-0.10887454089149369
9102,9103,-0.10887454481521554
9103,9104,-0.10887454873804504
9104,9105,-0.10887455265998253
9105,9106,-0.10887455658102829
9106,9107,-0.10887456050118258
9107,9108,-0.10887456442044577
9108,9109,-0.1088745683388181
9109,9110,-0.10887457225629991
9110,9111,-0.1088745761728915
9111,9112,-0.10887458008859315
9112,9113,-0.10887458400340518
9113,9114,-0.10887458791732786
9114,9115,-0.10887459183036154
9115,9116,-0.10887459574250645
9116,9117,-0.10887459965376292
9117,9118,-0.1088746035641313
9118,9119,-0.10887460747361183
9119,9120,-0.10887461138220483
9120,9121,-0.10887461528991059
9121,9122,-0.10887461919672942
9122,9123,-0.10887462310266162
9123,9124,-0.1088746270077075
9124,9125,-0.1088746309118673
9125,9126,-0.1088746348151414
9126,9127,-0.10887463871753002
9127,9128,-0.10887464261903351
9128,9129,-0.10887464651965217
9129,9130,-0.10887465041938628
9130,9131,-0.10887465431823613
9131,9132,-0.10887465821620203
9132,9133,-0.10887466211328428
9133,9134,-0.10887466600948319
9134,9135,-0.10887466990479902
9135,9136,-0.1088746737992321
9136,9137,-0.10887467769278271
9137,9138,-0.10887468158545116
9138,9139,-0.10887468547723775
9139,9140,-0.10887468936814274
9140,9141,-0.10887469325816647
9141,9142,-0.10887469714730919
9142,9143,-0.10887470103557126
9143,9144,-0.10887470492295293
9144,9145,-0.1088747088094545
9145,9146,-0.10887471269507627
9146,9147,-0.10887471657981855
9147,9148,-0.10887472046368162
9148,9149,-0.10887472434666579
9149,9150,-0.10887472822877133
9150,9151,-0.10887473210999854
9151,9152,-0.10887473599034775
9152,9153,-0.10887473986981923
9153,9154,-0.10887474374841327
9154,9155,-0.10887474762613017
9155,9156,-0.10887475150297023
9156,9157,-0.10887475537893374
9157,9158,-0.10887475925402097
9158,9159,-0.10887476312823229
9159,9160,-0.10887476700156787
9160,9161,-0.10887477087402812
9161,9162,-0.10887477474561329
9162,9163,-0.10887477861632366
9163,9164,-0.10887478248615955
9164,9165,-0.10887478635512123
9165,9166,-0.10887479022320902
9166,9167,-0.1088747940904232
9167,9168,-0.10887479795676402
9168,9169,-0.10887480182223185
9169,9170,-0.10887480568682692
9170,9171,-0.10887480955054957
9171,9172,-0.10887481341340008
9172,9173,-0.1088748172753787
9173,9174,-0.10887482113648578
9174,9175,-0.10887482499672155
9175,9176,-0.10887482885608638
9176,9177,-0.10887483271458052
9177,9178,-0.10887483657220423
9178,9179,-0.10887484042895787
9179,9180,-0.10887484428484168
9180,9181,-0.10887484813985596
9181,9182,-0.10887485199400103
9182,9183,-0.10887485584727713
9183,9184,-0.1088748596996846
9184,9185,-0.10887486355122371
9185,9186,-0.10887486740189477
9186,9187,-0.10887487125169801
9187,9188,-0.10887487510063379
9188,9189,-0.10887487894870237
9189,9190,-0.10887488279590404
9190,9191,-0.10887488664223911
9191,9192,-0.10887489048770783
9192,9193,-0.10887489433231053
9193,9194,-0.10887489817604747
9194,9195,-0.10887490201891896
9195,9196,-0.10887490586092527
9196,9197,-0.10887490970206673
9197,9198,-0.10887491354234358
9198,9199,-0.10887491738175613
9199,9200,-0.10887492122030466
9200,9201,-0.10887492505798949
9201,9202,-0.10887492889481086
9202,9203,-0.10887493273076909
9203,9204,-0.10887493656586449
9204,9205,-0.10887494040009728
9205,9206,-0.10887494423346782
9206,9207,-0.10887494806597635
9207,9208,-0.1088749518976232
9208,9209,-0.10887495572840862
9209,9210,-0.10887495955833287
9210,9211,-0.10887496338739634
9211,9212,-0.10887496721559924
9212,9213,-0.10887497104294185
9213,9214,-0.1088749748694245
9214,9215,-0.10887497869504743
9215,9216,-0.10887498251981098
9216,9217,-0.10887498634371541
9217,9218,-0.108874990166761
9218,9219,-0.10887499398894804
9219,9220,-0.10887499781027682
9220,9221,-0.10887500163074762
9221,9222,-0.10887500545036073
9222,9223,-0.10887500926911649
9223,9224,-0.10887501308701508
9224,9225,-0.10887501690405683
9225,9226,-0.10887502072024206
9226,9227,-0.10887502453557103
9227,9228,-0.10887502835004405
9228,9229,-0.10887503216366136
9229,9230,-0.10887503597642324
9230,9231,-0.10887503978833002
9231,9232,-0.10887504359938198
9232,9233,-0.10887504740957939
9233,9234,-0.10887505121892252
9234,9235,-0.1088750550274117
9235,9236,-0.10887505883504717
9236,9237,-0.10887506264182921
9237,9238,-0.10887506644775813
9238,9239,-0.10887507025283422
9239,9240,-0.10887507405705774
9240,9241,-0.10887507786042899
9241,9242,-0.10887508166294824
9242,9243,-0.10887508546461579
9243,9244,-0.10887508926543192
9244,9245,-0.10887509306539692
9245,9246,-0.10887509686451104
9246,9247,-0.10887510066277459
9247,9248,-0.10887510446018782
9248,9249,-0.10887510825675108
9249,9250,-0.1088751120524646
9250,9251,-0.10887511584732867
9251,9252,-0.1088751196413436
9252,9253,-0.10887512343450963
9253,9254,-0.10887512722682705
9254,9255,-0.10887513101829618
9255,9256,-0.10887513480891725
9256,9257,-0.1088751385986906
9257,9258,-0.10887514238761646
9258,9259,-0.10887514617569513
9259,9260,-0.1088751499629269
9260,9261,-0.10887515374931202
9261,9262,-0.10887515753485082
9262,9263,-0.10887516131954356
9263,9264,-0.10887516510339049
9264,9265,-0.10887516888639193
9265,9266,-0.10887517266854815
9266,9267,-0.10887517644985942
9267,9268,-0.10887518023032605
9268,9269,-0.10887518400994826
9269,9270,-0.10887518778872643
9270,9271,-0.10887519156666074
9271,9272,-0.10887519534375151
9272,9273,-0.10887519911999903
9273,9274,-0.10887520289540357
9274,9275,-0.1088752066699654
9275,9276,-0.1088752104436848
9276,9277,-0.10887521421656206
9277,9278,-0.10887521798859748
9278,9279,-0.1088752217597913
9279,9280,-0.1088752255301438
9280,9281,-0.10887522929965528
9281,9282,-0.10887523306832601
9282,9283,-0.1088752368361563
9283,9284,-0.10887524060314636
9284,9285,-0.10887524436929652
9285,9286,-0.10887524813460704
9286,9287,-0.10887525189907822
9287,9288,-0.10887525566271031
9288,9289,-0.1088752594255036
9289,9290,-0.10887526318745838
9290,9291,-0.1088752669485749
9291,9292,-0.10887527070885344
9292,9293,-0.10887527446829431
9293,9294,-0.10887527822689778
9294,9295,-0.10887528198466408
9295,9296,-0.10887528574159352
9296,9297,-0.1088752894976864
9297,9298,-0.108875293252943
9298,9299,-0.10887529700736352
9299,9300,-0.10887530076094828
9300,9301,-0.10887530451369762
9301,9302,-0.10887530826561174
9302,9303,-0.1088753120166909
9303,9304,-0.10887531576693546
9304,9305,-0.1088753195163456
9305,9306,-0.10887532326492169
9306,9307,-0.1088753270126639
9307,9308,-0.10887533075957262
9308,9309,-0.10887533450564806
9309,9310,-0.10887533825089052
9310,9311,-0.10887534199530023
9311,9312,-0.10887534573887751
9312,9313,-0.10887534948162261
9313,9314,-0.10887535322353584
9314,9315,-0.10887535696461743
9315,9316,-0.10887536070486767
9316,9317,-0.10887536444428687
9317,9318,-0.10887536818287524
9318,9319,-0.10887537192063312
9319,9320,-0.10887537565756072
9320,9321,-0.10887537939365839
9321,9322,-0.10887538312892632
9322,9323,-0.10887538686336484
9323,9324,-0.1088753905969742
9324,9325,-0.10887539432975468
9325,9326,-0.10887539806170657
9326,9327,-0.10887540179283012
9327,9328,-0.10887540552312559
9328,9329,-0.10887540925259331
9329,9330,-0.10887541298123352
9330,9331,-0.10887541670904645
9331,9332,-0.10887542043603243
9332,9333,-0.10887542416219173
9333,9334,-0.10887542788752459
9334,9335,-0.1088754316120313
9335,9336,-0.10887543533571213
9336,9337,-0.10887543905856738
9337,9338,-0.10887544278059727
9338,9339,-0.1088754465018021
9339,9340,-0.10887545022218216
9340,9341,-0.10887545394173767
9341,9342,-0.10887545766046897
9342,9343,-0.10887546137837625
9343,9344,-0.10887546509545987
9344,9345,-0.10887546881172001
9345,9346,-0.10887547252715704
9346,9347,-0.10887547624177114
9347,9348,-0.10887547995556263
9348,9349,-0.1088754836685318
9349,9350,-0.10887548738067886
9350,9351,-0.10887549109200409
9351,9352,-0.10887549480250781
9352,9353,-0.10887549851219025
9353,9354,-0.10887550222105172
9354,9355,-0.10887550592909243
9355,9356,-0.1088755096363127
9356,9357,-0.10887551334271277
9357,9358,-0.10887551704829293
9358,9359,-0.10887552075305343
9359,9360,-0.10887552445699455
9360,9361,-0.10887552816011654
9361,9362,-0.10887553186241973
9362,9363,-0.10887553556390435
9363,9364,-0.10887553926457062
9364,9365,-0.1088755429644189
9365,9366,-0.10887554666344941
9366,9367,-0.10887555036166238
9367,9368,-0.10887555405905815
9368,9369,-0.10887555775563697
9369,9370,-0.10887556145139907
9370,9371,-0.10887556514634475
9371,9372,-0.10887556884047428
9372,9373,-0.10887557253378795
9373,9374,-0.10887557622628596
9374,9375,-0.10887557991796865
9375,9376,-0.10887558360883623
9376,9377,-0.10887558729888899
9377,9378,-0.10887559098812719
9378,9379,-0.10887559467655114
9379,9380,-0.10887559836416105
9380,9381,-0.1088756020509572
9381,9382,-0.10887560573693991
9382,9383,-0.10887560942210937
9383,9384,-0.10887561310646587
9384,9385,-0.10887561679000972
9385,9386,-0.10887562047274114
9386,9387,-0.10887562415466041
9387,9388,-0.10887562783576778
9388,9389,-0.10887563151606355
9389,9390,-0.10887563519554797
9390,9391,-0.10887563887422128
9391,9392,-0.10887564255208376
9392,9393,-0.10887564622913573
9393,9394,-0.10887564990537739
9394,9395,-0.10887565358080901
9395,9396,-0.1088756572554309
9396,9397,-0.10887566092924328
9397,9398,-0.10887566460224643
9398,9399,-0.10887566827444062
9399,9400,-0.10887567194582612
9400,9401,-0.10887567561640317
9401,9402,-0.10887567928617205
9402,9403,-0.10887568295513302
9403,9404,-0.10887568662328635
9404,9405,-0.10887569029063232
9405,9406,-0.10887569395717117
9406,9407,-0.10887569762290315
9407,9408,-0.10887570128782857
9408,9409,-0.10887570495194766
9409,9410,-0.10887570861526069
9410,9411,-0.10887571227776793
9411,9412,-0.10887571593946964
9412,9413,-0.10887571960036607
9413,9414,-0.1088757232604575
9414,9415,-0.10887572691974419
9415,9416,-0.10887573057822642
9416,9417,-0.10887573423590441
9417,9418,-0.10887573789277845
9418,9419,-0.10887574154884881
9419,9420,-0.10887574520411572
9420,9421,-0.10887574885857951
9421,9422,-0.10887575251224034
9422,9423,-0.10887575616509858
9423,9424,-0.1088757598171544
9424,9425,-0.10887576346840813
9425,9426,-0.10887576711885999
9426,9427,-0.10887577076851025
9427,9428,-0.10887577441735921
9428,9429,-0.10887577806540708
9429,9430,-0.10887578171265413
9430,9431,-0.10887578535910063
9431,9432,-0.10887578900474687
9432,9433,-0.10887579264959306
9433,9434,-0.1088757962936395
9434,9435,-0.10887579993688644
9435,9436,-0.10887580357933412
9436,9437,-0.10887580722098282
9437,9438,-0.10887581086183282
9438,9439,-0.10887581450188434
9439,9440,-0.10887581814113767
9440,9441,-0.10887582177959303
9441,9442,-0.10887582541725073
9442,9443,-0.108875829054111
9443,9444,-0.10887583269017412
9444,9445,-0.10887583632544033
9445,9446,-0.1088758399599099
9446,9447,-0.10887584359358309
9447,9448,-0.10887584722646015
9448,9449,-0.10887585085854137
9449,9450,-0.10887585448982695
9450,9451,-0.1088758581203172
9451,9452,-0.10887586175001236
9452,9453,-0.10887586537891271
9453,9454,-0.10887586900701847
9454,9455,-0.10887587263432992
9455,9456,-0.10887587626084733
9456,9457,-0.10887587988657092
9457,9458,-0.108875883511501
9458,9459,-0.10887588713563778
9459,9460,-0.10887589075898155
9460,9461,-0.10887589438153257
9461,9462,-0.10887589800329107
9462,9463,-0.10887590162425734
9463,9464,-0.1088759052444316
9464,9465,-0.10887590886381412
9465,9466,-0.10887591248240519
9466,9467,-0.10887591610020504
9467,9468,-0.10887591971721394
9468,9469,-0.10887592333343214
9469,9470,-0.10887592694885986
9470,9471,-0.10887593056349743
9471,9472,-0.10887593417734506
9472,9473,-0.10887593779040299
9473,9474,-0.10887594140267151
9474,9475,-0.1088759450141509
9475,9476,-0.10887594862484135
9476,9477,-0.10887595223474314
9477,9478,-0.10887595584385656
9478,9479,-0.10887595945218181
9479,9480,-0.10887596305971922
9480,9481,-0.10887596666646898
9481,9482,-0.10887597027243137
9482,9483,-0.10887597387760665
9483,9484,-0.10887597748199507
9484,9485,-0.10887598108559689
9485,9486,-0.10887598468841234
9486,9487,-0.10887598829044173
9487,9488,-0.10887599189168524
9488,9489,-0.10887599549214319
9489,9490,-0.1088759990918158
9490,9491,-0.10887600269070336
9491,9492,-0.10887600628880609
9492,9493,-0.10887600988612424
9493,9494,-0.10887601348265807
9494,9495,-0.10887601707840786
9495,9496,-0.10887602067337385
9496,9497,-0.10887602426755624
9497,9498,-0.10887602786095538
9498,9499,-0.10887603145357147
9499,9500,-0.10887603504540477
9500,9501,-0.10887603863645554
9501,9502,-0.10887604222672403
9502,9503,-0.10887604581621049
9503,9504,-0.10887604940491517
9504,9505,-0.10887605299283833
9505,9506,-0.1088760565799802
9506,9507,-0.10887606016634109
9507,9508,-0.1088760637519212
9508,9509,-0.10887606733672078
9509,9510,-0.10887607092074013
9510,9511,-0.10887607450397947
9511,9512,-0.10887607808643904
9512,9513,-0.10887608166811913
9513,9514,-0.10887608524901995
9514,9515,-0.1088760888291418
9515,9516,-0.10887609240848488
9516,9517,-0.10887609598704949
9517,9518,-0.10887609956483583
9518,9519,-0.10887610314184422
9519,9520,-0.10887610671807484
9520,9521,-0.10887611029352798
9521,9522,-0.10887611386820388
9522,9523,-0.10887611744210281
9523,9524,-0.108876121015225
9524,9525,-0.10887612458757069
9525,9526,-0.10887612815914018
9526,9527,-0.10887613172993367
9527,9528,-0.10887613529995142
9528,9529,-0.10887613886919371
9529,9530,-0.10887614243766076
9530,9531,-0.10887614600535285
9531,9532,-0.10887614957227017
9532,9533,-0.10887615313841305
9533,9534,-0.10887615670378167
9534,9535,-0.10887616026837636
9535,9536,-0.1088761638321973
9536,9537,-0.10887616739524474
9537,9538,-0.10887617095751896
9538,9539,-0.1088761745190202
9539,9540,-0.10887617807974871
9540,9541,-0.10887618163970474
9541,9542,-0.10887618519888854
9542,9543,-0.10887618875730039
9543,9544,-0.10887619231494046
9544,9545,-0.10887619587180905
9545,9546,-0.10887619942790638
9546,9547,-0.10887620298323276
9547,9548,-0.1088762065377884
9548,9549,-0.10887621009157356
9549,9550,-0.10887621364458844
9550,9551,-0.10887621719683334
9551,9552,-0.1088762207483085
9552,9553,-0.10887622429901414
9553,9554,-0.10887622784895057
9554,9555,-0.10887623139811796
9555,9556,-0.10887623494651662
9556,9557,-0.10887623849414677
9557,9558,-0.10887624204100861
9558,9559,-0.10887624558710249
9559,9560,-0.1088762491324286
9560,9561,-0.10887625267698718
9561,9562,-0.10887625622077851
9562,9563,-0.1088762597638028
9563,9564,-0.1088762633060603
9564,9565,-0.10887626684755128
9565,9566,-0.10887627038827598
9566,9567,-0.10887627392823465
9567,9568,-0.1088762774674275
9568,9569,-0.10887628100585482
9569,9570,-0.10887628454351685
9570,9571,-0.10887628808041382
9571,9572,-0.10887629161654597
9572,9573,-0.10887629515191356
9573,9574,-0.10887629868651687
9574,9575,-0.10887630222035609
9575,9576,-0.10887630575343149
9576,9577,-0.10887630928574331
9577,9578,-0.10887631281729178
9578,9579,-0.10887631634807717
9579,9580,-0.10887631987809973
9580,9581,-0.1088763234073597
9581,9582,-0.10887632693585729
9582,9583,-0.10887633046359281
9583,9584,-0.10887633399056643
9584,9585,-0.10887633751677844
9585,9586,-0.1088763410422291
9586,9587,-0.1088763445669186
9587,9588,-0.10887634809084724
9588,9589,-0.10887635161401522
9589,9590,-0.10887635513642281
9590,9591,-0.10887635865807026
9591,9592,-0.10887636217895778
9592,9593,-0.10887636569908568
9593,9594,-0.1088763692184541
9594,9595,-0.10887637273706337
9595,9596,-0.10887637625491373
9596,9597,-0.10887637977200536
9597,9598,-0.10887638328833857
9598,9599,-0.10887638680391355
9599,9600,-0.10887639031873059
9600,9601,-0.10887639383278991
9601,9602,-0.10887639734609174
9602,9603,-0.10887640085863637
9603,9604,-0.10887640437042398
9604,9605,-0.10887640788145486
9605,9606,-0.10887641139172922
9606,9607,-0.10887641490124733
9607,9608,-0.10887641841000943
9608,9609,-0.10887642191801576
9609,9610,-0.1088764254252665
9610,9611,-0.10887642893176201
9611,9612,-0.10887643243750245
9612,9613,-0.10887643594248807
9613,9614,-0.10887643944671913
9614,9615,-0.10887644295019586
9615,9616,-0.10887644645291851
9616,9617,-0.1088764499548873
9617,9618,-0.10887645345610249
9618,9619,-0.10887645695656434
9619,9620,-0.10887646045627307
9620,9621,-0.1088764639552289
9621,9622,-0.10887646745343209
9622,9623,-0.10887647095088292
9623,9624,-0.10887647444758154
9624,9625,-0.10887647794352828
9625,9626,-0.10887648143872335
9626,9627,-0.10887648493316697
9627,9628,-0.1088764884268594
9628,9629,-0.10887649191980085
9629,9630,-0.10887649541199163
9630,9631,-0.10887649890343189
9631,9632,-0.10887650239412196
9632,9633,-0.108876505884062
9633,9634,-0.10887650937325229
9634,9635,-0.10887651286169307
9635,9636,-0.10887651634938457
9636,9637,-0.10887651983632704
9637,9638,-0.10887652332252071
9638,9639,-0.10887652680796582
9639,9640,-0.1088765302926626
9640,9641,-0.10887653377661131
9641,9642,-0.10887653725981218
9642,9643,-0.10887654074226544
9643,9644,-0.10887654422397133
9644,9645,-0.10887654770493012
9645,9646,-0.10887655118514199
9646,9647,-0.10887655466460724
9647,9648,-0.10887655814332604
9648,9649,-0.10887656162129872
9649,9650,-0.10887656509852543
9650,9651,-0.10887656857500644
9651,9652,-0.108876572050742
9652,9653,-0.10887657552573235
9653,9654,-0.10887657899997769
9654,9655,-0.10887658247347831
9655,9656,-0.1088765859462344
9656,9657,-0.10887658941824623
9657,9658,-0.10887659288951404
9658,9659,-0.10887659636003802
9659,9660,-0.10887659982981845
9660,9661,-0.10887660329885557
9661,9662,-0.10887660676714961
9662,9663,-0.10887661023470077
9663,9664,-0.10887661370150933
9664,9665,-0.10887661716757555
9665,9666,-0.10887662063289959
9666,9667,-0.10887662409748172
9667,9668,-0.10887662756132221
9668,9669,-0.10887663102442127
9669,9670,-0.1088766344867791
9670,9671,-0.10887663794839603
9671,9672,-0.10887664140927218
9672,9673,-0.10887664486940787
9673,9674,-0.1088766483288033
9674,9675,-0.10887665178745871
9675,9676,-0.10887665524537435
9676,9677,-0.10887665870255044
9677,9678,-0.10887666215898724
9678,9679,-0.10887666561468493
9679,9680,-0.1088766690696438
9680,9681,-0.10887667252386404
9681,9682,-0.10887667597734595
9682,9683,-0.10887667943008969
9683,9684,-0.10887668288209554
9684,9685,-0.10887668633336375
9685,9686,-0.10887668978389448
9686,9687,-0.10887669323368805
9687,9688,-0.10887669668274463
9688,9689,-0.10887670013106451
9689,9690,-0.10887670357864788
9690,9691,-0.10887670702549498
9691,9692,-0.10887671047160606
9692,9693,-0.10887671391698137
9693,9694,-0.1088767173616211
9694,9695,-0.10887672080552552
9695,9696,-0.10887672424869484
9696,9697,-0.10887672769112929
9697,9698,-0.1088767311328291
9698,9699,-0.10887673457379456
9699,9700,-0.10887673801402582
9700,9701,-0.10887674145352319
9701,9702,-0.10887674489228684
9702,9703,-0.10887674833031703
9703,9704,-0.108876751767614
9704,9705,-0.10887675520417797
9705,9706,-0.10887675864000922
9706,9707,-0.10887676207510788
9707,9708,-0.10887676550947427
9708,9709,-0.10887676894310859
9709,9710,-0.10887677237601108
9710,9711,-0.10887677580818195
9711,9712,-0.10887677923962148
9712,9713,-0.10887678267032987
9713,9714,-0.10887678610030732
9714,9715,-0.10887678952955411
9715,9716,-0.10887679295807047
9716,9717,-0.10887679638585664
9717,9718,-0.1088767998129128
9718,9719,-0.1088768032392392
9719,9720,-0.1088768066648361
9720,9721,-0.10887681008970371
9721,9722,-0.10887681351384226
9722,9723,-0.10887681693725199
9723,9724,-0.10887682035993314
9724,9725,-0.10887682378188593
9725,9726,-0.10887682720311057
9726,9727,-0.1088768306236073
9727,9728,-0.10887683404337636
9728,9729,-0.10887683746241798
9729,9730,-0.1088768408807324
9730,9731,-0.10887684429831984
9731,9732,-0.10887684771518052
9732,9733,-0.10887685113131469
9733,9734,-0.10887685454672258
9734,9735,-0.10887685796140438
9735,9736,-0.10887686137536035
9736,9737,-0.10887686478859072
9737,9738,-0.10887686820109575
9738,9739,-0.10887687161287558
9739,9740,-0.10887687502393055
9740,9741,-0.10887687843426079
9741,9742,-0.10887688184386661
9742,9743,-0.10887688525274819
9743,9744,-0.10887688866090578
9744,9745,-0.10887689206833957
9745,9746,-0.10887689547504983
9746,9747,-0.1088768988810368
9747,9748,-0.10887690228630068
9748,9749,-0.1088769056908417
9749,9750,-0.1088769090946601
9750,9751,-0.10887691249775608
9751,9752,-0.10887691590012989
9752,9753,-0.10887691930178178
9753,9754,-0.10887692270271193
9754,9755,-0.10887692610292063
9755,9756,-0.10887692950240803
9756,9757,-0.10887693290117442
9757,9758,-0.10887693629922
9758,9759,-0.10887693969654501
9759,9760,-0.10887694309314969
9760,9761,-0.1088769464890342
9761,9762,-0.10887694988419885
9762,9763,-0.10887695327864383
9763,9764,-0.10887695667236935
9764,9765,-0.10887696006537567
9765,9766,-0.10887696345766298
9766,9767,-0.10887696684923158
9767,9768,-0.10887697024008162
9768,9769,-0.10887697363021334
9769,9770,-0.108876977019627
9770,9771,-0.10887698040832279
9771,9772,-0.10887698379630097
9772,9773,-0.10887698718356172
9773,9774,-0.10887699057010529
9774,9775,-0.10887699395593192
9775,9776,-0.10887699734104185
9776,9777,-0.10887700072543526
9777,9778,-0.10887700410911239
9778,9779,-0.10887700749207349
9779,9780,-0.10887701087431877
9780,9781,-0.10887701425584843
9781,9782,-0.10887701763666276
9782,9783,-0.10887702101676189
9783,9784,-0.10887702439614613
9784,9785,-0.10887702777481569
9785,9786,-0.10887703115277074
9786,9787,-0.10887703453001155
9787,9788,-0.10887703790653837
9788,9789,-0.10887704128235136
9789,9790,-0.10887704465745081
9790,9791,-0.1088770480318369
9791,9792,-0.10887705140550984
9792,9793,-0.10887705477846991
9793,9794,-0.10887705815071731
9794,9795,-0.10887706152225224
9795,9796,-0.10887706489307493
9796,9797,-0.10887706826318563
9797,9798,-0.10887707163258457
9798,9799,-0.10887707500127194
9799,9800,-0.10887707836924797
9800,9801,-0.1088770817365129
9801,9802,-0.10887708510306696
9802,9803,-0.10887708846891032
9803,9804,-0.10887709183404326
9804,9805,-0.10887709519846601
9805,9806,-0.10887709856217875
9806,9807,-0.1088771019251817
9807,9808,-0.10887710528747514
9808,9809,-0.10887710864905924
9809,9810,-0.10887711200993422
9810,9811,-0.10887711537010032
9811,9812,-0.10887711872955781
9812,9813,-0.10887712208830683
9813,9814,-0.10887712544634764
9814,9815,-0.10887712880368047
9815,9816,-0.10887713216030552
9816,9817,-0.10887713551622305
9817,9818,-0.10887713887143323
9818,9819,-0.10887714222593631
9819,9820,-0.10887714557973255
9820,9821,-0.10887714893282212
9821,9822,-0.10887715228520521
9822,9823,-0.10887715563688212
9823,9824,-0.10887715898785305
9824,9825,-0.1088771623381182
9825,9826,-0.10887716568767777
9826,9827,-0.10887716903653204
9827,9828,-0.1088771723846812
9828,9829,-0.10887717573212544
9829,9830,-0.10887717907886504
9830,9831,-0.1088771824249002
9831,9832,-0.10887718577023113
9832,9833,-0.10887718911485807
9833,9834,-0.1088771924587812
9834,9835,-0.10887719580200078
9835,9836,-0.10887719914451702
9836,9837,-0.10887720248633014
9837,9838,-0.10887720582744032
9838,9839,-0.10887720916784785
9839,9840,-0.10887721250755292
9840,9841,-0.10887721584655574
9841,9842,-0.10887721918485654
9842,9843,-0.1088772225224555
9843,9844,-0.10887722585935294
9844,9845,-0.10887722919554899
9845,9846,-0.1088772325310439
9846,9847,-0.10887723586583786
9847,9848,-0.10887723919993114
9848,9849,-0.1088772425333239
9849,9850,-0.10887724586601641
9850,9851,-0.10887724919800887
9851,9852,-0.1088772525293015
9852,9853,-0.10887725585989454
9853,9854,-0.10887725918978815
9854,9855,-0.1088772625189826
9855,9856,-0.10887726584747809
9856,9857,-0.10887726917527486
9857,9858,-0.10887727250237308
9858,9859,-0.10887727582877306
9859,9860,-0.1088772791544749
9860,9861,-0.10887728247947887
9861,9862,-0.10887728580378524
9862,9863,-0.10887728912739415
9863,9864,-0.10887729245030585
9864,9865,-0.10887729577252055
9865,9866,-0.1088772990940385
9866,9867,-0.10887730241485988
9867,9868,-0.1088773057349849
9868,9869,-0.10887730905441383
9869,9870,-0.10887731237314684
9870,9871,-0.10887731569118414
9871,9872,-0.108877319008526
9872,9873,-0.10887732232517258
9873,9874,-0.10887732564112414
9874,9875,-0.10887732895638087
9875,9876,-0.108877332270943
9876,9877,-0.10887733558481072
9877,9878,-0.1088773388979843
9878,9879,-0.10887734221046391
9879,9880,-0.10887734552224979
9880,9881,-0.10887734883334214
9881,9882,-0.10887735214374118
9882,9883,-0.10887735545344715
9883,9884,-0.10887735876246023
9884,9885,-0.10887736207078065
9885,9886,-0.10887736537840863
9886,9887,-0.1088773686853444
9887,9888,-0.10887737199158815
9888,9889,-0.10887737529714009
9889,9890,-0.10887737860200046
9890,9891,-0.10887738190616944
9891,9892,-0.1088773852096473
9892,9893,-0.10887738851243423
9893,9894,-0.10887739181453042
9894,9895,-0.10887739511593614
9895,9896,-0.10887739841665155
9896,9897,-0.10887740171667688
9897,9898,-0.10887740501601235
9898,9899,-0.1088774083146582
9899,9900,-0.10887741161261458
9900,9901,-0.10887741490988179
9901,9902,-0.10887741820645995
9902,9903,-0.10887742150234936
9903,9904,-0.1088774247975502
9904,9905,-0.10887742809206266
9905,9906,-0.10887743138588699
9906,9907,-0.10887743467902337
9907,9908,-0.10887743797147206
9908,9909,-0.10887744126323323
9909,9910,-0.10887744455430712
9910,9911,-0.10887744784469394
9911,9912,-0.10887745113439387
9912,9913,-0.1088774544234072
9913,9914,-0.10887745771173406
9914,9915,-0.10887746099937469
9915,9916,-0.10887746428632936
9916,9917,-0.1088774675725982
9917,9918,-0.10887747085818146
9918,9919,-0.10887747414307934
9919,9920,-0.10887747742729209
9920,9921,-0.10887748071081987
9921,9922,-0.10887748399366294
9922,9923,-0.10887748727582147
9923,9924,-0.10887749055729573
9924,9925,-0.10887749383808587
9925,9926,-0.10887749711819213
9926,9927,-0.10887750039761472
9927,9928,-0.10887750367635385
9928,9929,-0.10887750695440974
9929,9930,-0.10887751023178262
9930,9931,-0.10887751350847266
9931,9932,-0.1088775167844801
9932,9933,-0.10887752005980512
9933,9934,-0.10887752333444799
9934,9935,-0.10887752660840885
9935,9936,-0.10887752988168795
9936,9937,-0.10887753315428551
9937,9938,-0.10887753642620174
9938,9939,-0.10887753969743685
9939,9940,-0.10887754296799101
9940,9941,-0.10887754623786447
9941,9942,-0.10887754950705746
9942,9943,-0.10887755277557014
9943,9944,-0.10887755604340275
9944,9945,-0.10887755931055551
9945,9946,-0.1088775625770286
9946,9947,-0.10887756584282227
9947,9948,-0.1088775691079367
9948,9949,-0.10887757237237208
9949,9950,-0.10887757563612868
9950,9951,-0.10887757889920667
9951,9952,-0.10887758216160628
9952,9953,-0.10887758542332769
9953,9954,-0.10887758868437115
9954,9955,-0.10887759194473683
9955,9956,-0.10887759520442498
9956,9957,-0.10887759846343578
9957,9958,-0.10887760172176945
9958,9959,-0.10887760497942618
9959,9960,-0.1088776082364062
9960,9961,-0.10887761149270973
9961,9962,-0.10887761474833696
9962,9963,-0.10887761800328813
9963,9964,-0.10887762125756337
9964,9965,-0.10887762451116298
9965,9966,-0.1088776277640871
9966,9967,-0.10887763101633602
9967,9968,-0.10887763426790989
9968,9969,-0.10887763751880888
9969,9970,-0.1088776407690333
9970,9971,-0.10887764401858326
9971,9972,-0.10887764726745905
9972,9973,-0.1088776505156608
9973,9974,-0.1088776537631888
9974,9975,-0.10887765701004319
9975,9976,-0.10887766025622422
9976,9977,-0.10887766350173209
9977,9978,-0.10887766674656697
9978,9979,-0.10887766999072915
9979,9980,-0.10887767323421876
9980,9981,-0.10887767647703604
9981,9982,-0.10887767971918118
9982,9983,-0.10887768296065439
9983,9984,-0.10887768620145594
9984,9985,-0.10887768944158592
9985,9986,-0.10887769268104464
9986,9987,-0.10887769591983226
9987,9988,-0.108877699157949
9988,9989,-0.10887770239539504
9989,9990,-0.10887770563217064
9990,9991,-0.10887770886827595
9991,9992,-0.10887771210371125
9992,9993,-0.10887771533847665
9993,9994,-0.10887771857257245
9994,9995,-0.10887772180599878
9995,9996,-0.10887772503875588
9996,9997,-0.10887772827084395
9997,9998,-0.10887773150226321
9998,9999,-0.10887773473301386
9999,10000,-0.10887773796309612
